,Name,RiPP,Class,BGC ID,SMILES,Notat (Hentet fra MIBiG om tomt)
,Andalucisin A,Lanthipeptid,III,BGC0002111,C/C=C(\NC(=O)/C(=C\C)NC(=O)CNC(=O)C(NC(=O)C(CC1=C[NH]C2=CC=CC=C12)NC(=O)C(C)NC1CC2(CSCC(C(=O)O)NC(=O)C(CC(N)=O)NC(=O)C(CC(N)=O)NC2=O)NC(=O)C(C(C)CC)NC(=O)/C(=C/C)NC1=O)C(C)C)C(=O)N/C(=C/C)C(=O)NC(C(=O)N/C(=C/C)C(=O)NC(CC1=C[NH]C2=CC=CC=C12)C(=O)N/C(=C/C)C(=O)N/C(=C\C)C(=O)N/C(=C/C)C(=O)NC(C(=O)N/C(=C/C)C(=O)NC(C)C(=O)N(C)C)C(C)CC)C(C)C,
,Duramycin,Lanthipeptid,II,BGC0001579,C[C@@H]1[C@H]2C(=O)N[C@H](C(=O)N[C@H](C(=O)N[C@H]3CSC[C@H]4C(=O)N[C@@H](CS1)C(=O)N[C@@H](CNCCCC[C@H](NC(=O)[C@H]([C@H](SC[C@@H](C(=O)N[C@H](C(=O)N[C@H](C(=O)N4)CCC(=O)N)CCCCN)N)C)NC(=O)[C@@H](NC(=O)CNC(=O)[C@@H](NC3=O)[C@H](C(=O)O)O)CC(=O)N)C(=O)O)C(=O)N[C@H](C(=O)NCC(=O)N5CCC[C@H]5C(=O)N[C@H](C(=O)N2)CC6=CC=CC=C6)CC7=CC=CC=C7)C(C)C)CC8=CC=CC=C8,
,Subtilin,Lanthipeptid,I,BGC0000559,NC(CC1=CNC2=C1C=CC=C2)C(NC(CCCCN)C(NC(CSCC(C(NC(C5C)C(N4C(C(NC([H])C(NC(CS5)C(NC(C(C)C)C(NC(C6C)C(NC([H])C(NC(C)C(NC(CC(C)C)C(NC(CCC(N)=O)C(NC(C(NC(CS6)C(NC(CC7=CC=CC=C7)C(NC(CC(C)C)C(NC(CCC(N)=O)C(NC(C8C)C(NC(CC(C)C)C(NC(C9C)C(NC(CS8)C(NC(CC(N)=O)C(NC(CS9)C(NC(CCCCN)C(NC(C(CC)C)C(NC(C(NC(CCCCN)C(O)=O)=O)=C)=O)=O)=O)=O)=O)=O)=O)=O)=O)=O)=O)=O)=O)=CC)=O)=O)=O)=O)=O)=O)=O)=O)=O)CCC4)=O)=O)NC3=O)C(NC(CCC(O)=O)C(NC(C(NC3CC(C)C)=O)=C)=O)=O)=O)=O,
,SapB,Lanthipeptid,III,BGC0000551,CCC(C)C1C(=O)NC(C(=O)NC(C(=O)NC(CSCC(C(=O)NC(C(=O)NC(C(=O)NC(=C)C(=O)N1)CC(C)C)CO)NC(=O)C(CC(=O)O)NC(=O)CNC(=O)C2CSCC(C(=O)NC(C(=O)NC(C(=O)NC(=C)C(=O)NC(C(=O)NC(C(=O)NC(C(=O)N2)CC(C)C)CC(C)C)CC(C)C)C)CCCNC(=N)N)NC(=O)CNC(=O)C(C(C)O)N)C(=O)NC(CC(=O)N)C(=O)O)C(C)O)C(C)O,
,Salivaricin D,Lanthipeptid,I,BGC0000549,[H]N[C@@H](CC1=CC=CC=C1)C(N/C(C(N[C@@H]2C(N[C@@H](CC3=CN=CN3)C(NC(C(N[C@H](C(N[C@@H](CSC2)C(N[C@@H]4C(N5CCC[C@H]5C(NCC(N[C@@H](CSCC4)C(N[C@]([C@@H](C)CC)([H])C(N[C@@H]6C(NCC(N[C@H](C(N[C@H](C(N[C@@H](CCSC)C(NCC(N[C@@H](CSCC6)C(N[C@@H](CC7=CN=CN7)C(N[C@]([C@@H](C)CC)([H])C(N[C@H](C(N[C@@H]8C(N[C@]([C@@H](C)CC)([H])C(NCC(N[C@@H](CSC8)C(N[C@H](C(N[C@H](C(N[C@@H](CC9=CN=CN9)C(N[C@]([C@@H](C)CC)([H])C(N[C@H](C(N[C@]([H])(C(NC(C(N[C@H](C(O)=O)CCCCN)=O)=C)=O)[C@H](CC)C)=O)CC%10=CN=CN%10)=O)=O)=O)C(C)C)=O)CC(N)=O)=O)=O)=O)=O)=O)CCC(N)=O)=O)=O)=O)=O)=O)=O)CC(C)C)=O)C(C)C)=O)=O)=O)=O)=O)=O)=O)=O)=O)CC(C)C)=O)=C)=O)=O)=O)=C\C)=O,
,Planosporicin,Lanthipeptid,I,BGC0000544,CC[C@H](C)[C@H](N)C(=O)N\C(=C/C)C(=O)N[C@H]1CSC[C@@H]2NC(=O)[C@@H](NC(=O)[C@@H]3CSCC[C@H](NC(=O)[C@H](CSC[C@@H]4NC(=O)CNC(=O)[C@H](CSC[C@@H]5NC(=O)[C@H](CC6=CN=CN6)NC(=O)[C@H](CSC[C@H](NC5=O)C(=O)N5CCC[C@H]5C(=O)NCC(O)=O)NC4=O)NC(=O)CNC(=O)CNC(=O)CNC(=O)[C@H](CCC(O)=O)NC2=O)NC(=O)[C@H](CC2=CNC4=C2C=CC=C4)NC(=O)C(=C)NC(=O)[C@@H](NC1=O)C(C)C)C(=O)N3)[C@@H](C)O,
,Pep5,Lanthipeptid,I,BGC0000543,CC[C@H](C)[C@@H](C(=O)N[C@@H](CCCNC(=N)N)C(=O)N[C@@H](C)C(=O)N[C@H](CS)C(=O)N[C@@H](C(C)C)C(=O)N[C@@H](CCCCN)C(=O)N[C@@H](CCC(=O)O)C(=O)N[C@@H](CS)C(=O)N[C@@H](CCC(=O)O)C(=O)N[C@@H](CCCCN)C(=O)N/C(=C\C)/C(=O)N[C@@H](CC(C)C)C(=O)N[C@@H](CCCCN)C(=O)N[C@@H](C)C(=O)N/C(=C\C)/C(=O)N[C@@H](CCCNC(=N)N)C(=O)N[C@@H](CC(C)C)C(=O)N[C@@H](CC1=CC=CC=C1)C(=O)N/C(=C(\C)/S)/C(=O)N[C@@H](C(C)C)C(=O)N[C@@H](CS)C(=O)N[C@@H](CS)C(=O)N[C@@H](CCCCN)C(=O)NCC(=O)N[C@@H](CCCCN)C(=O)N[C@@H](CC(=O)N)C(=O)NCC(=O)N[C@@H](CS)C(=O)N[C@@H](CCCCN)C(=O)O)NC(=O)[C@H](C)NC(=O)[C@@H]2CCCN2C(=O)CNC(=O)[C@H](C)NC(=O)C(=O)CC,
,Nukacin ISK-1,Lanthipeptid,II,BGC0000539,CCC(C)C(C(=O)N1CCCC1C(=NC2C(SSCC3C(=NC(C(=NC(C(=NC(C(=NC4CSSCC(N=C(C(CSSCC(C(=NC(C(=NC(C(=N3)O)CC(=O)O)O)CC5=CN=CN5)O)N=C(C(N=C2O)C(C)C)O)N=C(C(=CC)N=C(C(N=C(C(N=C(C(N=C(C(N=C(C(N=C4O)CC6=CC=CC=C6)O)CCC(=N)O)O)CC7=CC=CC=C7)O)C(C)C)O)CC8=CC=CC=C8)O)O)O)C(=NC(CO)C(=O)O)O)O)CC(=N)O)O)CCSC)O)CC9=CN=CN9)O)C)O)N=C(C(C(C)C)N=C(CN=C(C(CO)N=C(C(CCCCN)N=C(C(CCCCN)N=C(C(CCCCN)N)O)O)O)O)O)O,"SMILES ser feil ut, skal ikke v√¶re S-S broer. Hentet fra pubchem"
,Nisin A,Lanthipeptid,I,BGC0000535,CCC(C)C1C(=O)NC(=C)C(=O)NC(C(=O)NC(CSCC(C(=O)N1)NC(=O)/C(=C/C)/NC(=O)C(C(C)CC)N)C(=O)NC2C(SCC(NC(=O)CNC(=O)C3CCCN3C2=O)C(=O)NC(CCCCN)C(=O)NC4C(SCC(NC(=O)CNC(=O)C(NC(=O)C(NC(=O)C(NC(=O)CNC4=O)C)CC(C)C)CCSC)C(=O)NC(CC(=O)N)C(=O)NC(CCSC)C(=O)NC(CCCCN)C(=O)NC5C(SCC6C(=O)NC(C(=O)NC(CSC(C(C(=O)N6)NC(=O)C(NC5=O)C)C)C(=O)NC(CO)C(=O)NC(C(C)CC)C(=O)NC(CC7=CNC=N7)C(=O)NC(C(C)C)C(=O)NC(=C)C(=O)NC(CCCCN)C(=O)O)CC8=CNC=N8)C)C)C)CC(C)C,
,Microbisporicin A2,Lanthipeptid,I,BGC0000529,O=C(N[C@H](C(NC(C(N[C@H](C(N[C@H](C(N[C@H]([C@H](C)SC[C@@H](C(N[C@H]([C@H](O)C)C(N[C@@H](C(N1[C@H]2[C@@H](O)CC1)=O)CSC[C@H](NC([C@H](CC(N)=O)NC([C@H](NC(CNC(CNC(CNC2=O)=O)=O)=O)CSC[C@@H](C(N/C=C\SC3)=O)NC4=O)=O)=O)C(N[C@@H]3C(N[C@@H]4CC5=CC=CC=C5)=O)=O)=O)=O)NC6=O)C(N7[C@H](C(NC6)=O)CCC7)=O)=O)CSC8)=O)CC(C)C)=O)=C)=O)CC9=CNC%10=C9C=C(Cl)C=C%10)[C@@H]8NC(/C(NC([C@H](C(C)C)N)=O)=C/C)=O,
,Michiganin A,Lanthipeptid,II,BGC0000528,CC[C@H](C)[C@@H]1NC(=O)[C@H](CCSC[C@@H]2NC(=O)[C@@H](NC(=O)[C@@H](NC(=O)[C@H](CCSC[C@H](NC(=O)[C@H](C)NC2=O)C(=O)N[C@@H](CCCNC(N)=N)C(O)=O)NC(=O)CNC(=O)[C@H](CS)NC(=O)[C@H](CCC(O)=O)NC1=O)[C@@H](C)CC)[C@@H](C)CC)NC(=O)[C@H](CC(C)C)NC(=O)C(\NC(=O)[C@@H]1CSC[C@H](NC(=O)[C@@H](N)CO)C(=O)N[C@@H](CO)C(=O)NCC(=O)N[C@@H](CC2=CNC3=C2C=CC=C3)C(=O)N[C@@H](CC(C)C)C(=O)N1)=C\C,
,Mersacidin,Lanthipeptid,II,BGC0000527,CCC(C)C1C(=O)NC=CSC(C2C(=O)NC(=C)C(=O)NC(C(=O)NC(CSC(C(C(=O)NC(C(=O)N2)CC(C)C)NC(=O)C3CSC(C(C(=O)NC(C(=O)N4CCCC4C(=O)NCC(=O)NCC(=O)NCC(=O)NCC(=O)NC(C(=O)N3)C(C)C)CC(C)C)NC(=O)C(CC5=CC=CC=C5)NC(=O)C6C(SCC(C(=O)N6)N)C)C)C)C(=O)N1)CCC(=O)O)C,SMILES hentet fra pubchem
,Lactocin S,Lanthipeptid,II,BGC0000523,CSCCC(NC(=O)C(C)NC(=O)C(NC(=O)C(C)NC(=O)C(NC(=O)C(C)NC(=O)C(C)NC(=O)C(CC(C)C)NC(=O)C(NC(=O)C1CCCN1C(=O)C(\NC(=O)C(C)=O)=C/C)C(C)C)C(C)C)C(C)C)C(=O)NC(CCC(O)=O)C(=O)NC(CC(C)C)C(=O)NC(CC(C)C)C(=O)N1CCCC1C(=O)NC(C(C)O)C(=O)NC(C)C(=O)NC(C)C(=O)NC(C(C)C)C(=O)NC(CC(C)C)C(=O)NC(CC1=CC=C(O)C=C1)C(=O)NC1CSCC(NC(=O)CNC(=O)C(C)NC(=O)C(NC(=O)C(CC(O)=O)NC1=O)C(C)C)C(=O)NC(CC1=CC=CC=C1)C(=O)NC(CCCCN)C(=O)NC(CC1=CC=C(O)C=C1)C(=O)NC1CSCC(NC(=O)C(CC2=CNC=N2)NC(=O)C(CC2=CNC=N2)NC(=O)C(CCCCN)NC(=O)C(C)NC1=O)C(O)=O,
,Lacticin 481,Lanthipeptid,II,BGC0000521,CCC(C)C(NC(=O)C(NC(=O)CNC(=O)C(CO)NC(=O)CNC(=O)CNC(=O)C(N)CCCCN)C(C)C)C(=O)NC(CC1=CNC=N1)C(=O)NC1C(C)SCC2NC(=O)C(CCC(O)=O)NC(=O)C(CC3=CNC=N3)NC(=O)C(CSCC3NC(=O)\C(NC(=O)C(CC4=CC=CC=C4)NC(=O)C(NC(=O)C(CC4=CC=CC=C4)NC(=O)C(CCC(N)=O)NC(=O)C(CC4=CNC5=C4C=CC=C5)NC(=O)C(CSCC(NC3=O)C(=O)NC(CO)C(O)=O)NC(=O)C(CC(N)=O)NC(=O)C(CCSC)NC(=O)C(CC(N)=O)NC2=O)C(C)C)=C\C)NC(=O)C(NC1=O)C(C)CC,
,Gallidermin,Lanthipeptid,I,BGC0000514,CC[C@H](C)[C@@H](C(=O)N[C@@H](C)C(=O)N[C@@H]1CSC[C@@H](NC(=O)[C@@H](NC(=O)[C@@H](NC(=O)[C@@H](NC1=O)CCCCN)CC2=CC=CC=C2)CC(C)C)C(=O)N[C@@H]3[C@@H](SC[C@@H](NC(=O)CNC(=O)[C@@H]4CCCN4C3=O)C(=O)N[C@@H](C)C(=O)N[C@@H](CCCCN)C(=O)N/C(=C/C)/C(=O)NCC(=O)N[C@@H]5CSC[C@@H]6C(=O)N/C=C/SC[C@H](C(=O)N[C@H](C(=O)N6)CC7=CC=C(C=C7)O)NC(=O)[C@@H](NC(=O)[C@@H](NC5=O)CC8=CC=CC=C8)CC(=O)N)C)N,Inneholder lanD
,Ericin C,Lanthipeptid,I,BGC0000511,NC(CC1=CNC2=C1C=CC=C2)C(NC(CCCCN)C(NC(CSCC(C(NC(C5C)C(N4C(C(NC([H])C(NC(CS5)C(NC(C(C)C)C(NC(C6C)C(NC([H])C(NC(C(C)C)C(NC(CC(C)C)C(NC(CCC(N)=O)C(NC(C(NC(CS6)C(NC(CC7=CC=CC=C7)C(NC(CC(C)C)C(NC(CCC(N)=O)C(NC(C8C)C(NC(C(CC)C)C(NC(C9C)C(NC(CS8)C(NC(CC(N)=O)C(NC(CS9)C(NC(CC%10=CNC=N%10)C(NC(C(CC)C)C(NC(C(NC(CCCCN)C(O)=O)=O)=C)=O)=O)=O)=O)=O)=O)=O)=O)=O)=O)=O)=O)=O)=CC)=O)=O)=O)=O)=O)=O)=O)=O)=O)CCC4)=O)=O)NC3=O)C(NC(CCC(O)=O)C(NC(C(NC3C(C)C)=O)=C)=O)=O)=O)=O,
,Epilancin 15x,Lanthipeptid,I,BGC0000509,CC[C@H](C)[C@H](NC(=O)C(\NC(=O)C(\NC(=O)[C@H](CCCCN)NC(=O)[C@@H](NC(=O)[C@@H](NC(=O)C(=C)NC(=O)[C@H](C)NC(=O)C(C)O)[C@@H](C)CC)C(C)C)=C/C)=C/C)C(=O)NC(CCCCN)C(=O)N[C@@H](C)C(=O)N[C@H]1CSC[C@H](NC(=O)[C@H](CC(C)C)NC(=O)C(CCCCN)NC(=O)C(CCCCN)NC1=O)C(=O)N[C@@H](CCCNC(N)=N)C(=O)NCC(=O)N[C@@H](CC1=CC=CC=C1)C(=O)N[C@H]1C(C)SC[C@@H]2NC(=O)[C@@H](NC(=O)[C@H](CC(C)C)NC1=O)C(C)SC[C@H](NC(=O)CNC2=O)C(=O)N[C@@H](CC1=CN=CN1)C(=O)N[C@@H](CC1=CC=CC=C1)C(=O)N\C(=C\C)C(=O)NCC(=O)N[C@@H](CCCCN)C(=O)N[C@@H](CCCCN)C(O)=O,Har LanO aktivitet
,Epidermin,Lanthipeptid,I,BGC0000508,CCC(C)C1C(=O)NC(CSCC(C(=O)NC(C(=O)NC(C(=O)N1)CC2=CC=CC=C2)CCCCN)NC(=O)C(C)NC(=O)C(C(C)CC)N)C(=O)NC3C(SCC(NC(=O)CNC(=O)C4CCCN4C3=O)C(=O)NC(C)C(=O)NC(CCCCN)C(=O)N/C(=C\C)/C(=O)NCC(=O)NC5CSCC6C(=O)N/C=C\SCC(C(=O)NC(C(=O)N6)CC7=CC=C(C=C7)O)NC(=O)C(NC(=O)C(NC5=O)CC8=CC=CC=C8)CC(=O)N)C,Inneholder lanD
,Entianin,Lanthipeptid,I,BGC0000506,NC(CC1=CNC2=C1C=CC=C2)C(NC(CCCCN)C(NC(CSCC(C(NC(C5C)C(N4C(C(NC([H])C(NC(CS5)C(NC(C(C)C)C(NC(C6C)C(NC([H])C(NC(CC(C)C)C(NC(CC(C)C)C(NC(CCC(N)=O)C(NC(C(NC(CS6)C(NC(CC7=CC=CC=C7)C(NC(CC(C)C)C(NC(CCC(N)=O)C(NC(C8C)C(NC(C(CC)C)C(NC(C9C)C(NC(CS8)C(NC(CC(N)=O)C(NC(CS9)C(NC(CCCCN)C(NC(C(CC)C)C(NC(C(NC(CCCCN)C(O)=O)=O)=C)=O)=O)=O)=O)=O)=O)=O)=O)=O)=O)=O)=O)=O)=CC)=O)=O)=O)=O)=O)=O)=O)=O)=O)CCC4)=O)=O)NC3=O)C(NC(CCC(O)=O)C(NC(C(NC3C(C)C)=O)=C)=O)=O)=O)=O,
,Cinnamycin,Lanthipeptid,II,BGC0000503,C[C@H]1[C@@H]2C(=O)N[C@H](C(=O)N[C@H](C(=O)N[C@H]3CSC[C@@H]4C(=O)N[C@@H](CS1)C(=O)N[C@@H](CNCCCC[C@H](NC(=O)[C@@H]([C@@H](SC[C@@H](C(=O)N[C@H](C(=O)N[C@H](C(=O)N4)CCC(=O)N)CCCNC(=N)N)N)C)NC(=O)[C@@H](NC(=O)CNC(=O)[C@@H](NC3=O)[C@@H](C(=O)O)O)CC(=O)N)C(=O)O)C(=O)N[C@H](C(=O)NCC(=O)N5CCC[C@H]5C(=O)N[C@H](C(=O)N2)CC6=CC=CC=C6)CC7=CC=CC=C7)C(C)C)CC8=CC=CC=C8,
,Catenulipeptin,Lanthipeptid,III,BGC0000501,CC[C@H](C)[C@@H]1NC(=O)CNC(=O)[C@H](C[C@@]2(CSC[C@H](NC(=O)[C@H](CC(C)C)NC(=O)[C@H](CC(C)C)NC2=O)C(=O)N[C@@H](CC(O)=O)C(=O)N[C@@H](CC(C)C)C(O)=O)NC1=O)NC(=O)[C@H](CC1=CN=CN1)NC(=O)CNC(=O)[C@H](CC(N)=O)NC(=O)[C@@H]1CSC[C@@]2(C[C@H](NC(=O)[C@H](CC(O)=O)NC(=O)CNC(=O)CNC(=O)CNC(=O)CNC(=O)[C@H](CC3=CN=CN3)NC(=O)CN)C(=O)NCC(=O)N[C@@H](CC(C)C)C(=O)N2)C(=O)N[C@@H](C(C)C)C(=O)N[C@@H]([C@@H](C)O)C(=O)NCC(=O)N1,
,Actagardine,Lanthipeptid,II,BGC0000495,CCC(C)C1C(=O)NC(C(=O)NC2CSC(C(C(=O)NC(C(=O)NC(C(SCC3C(=O)NC(C(=O)NC(CS(=O)C(C(C(=O)NC(C(=O)NC(C(=O)N3)C(C)CC)C(C)C)NC(=O)CNC2=O)C)C(=O)O)C)C)C(=O)N1)CC(C)C)NC(=O)C4CSCC(C(=O)NC(C(=O)NCC(=O)NC(C(=O)NC(C(=O)N4)C(C)C)CC5=CNC6=CC=CC=C65)CO)N)C)CCC(=O)O,"SMILES hentet fra pubchem, oxidized variant"
,Kyamicin,Lanthipeptid,II,BGC0002346,CC1CC(=O)C(CC2=CC=CC=C2)NC(=O)C2NC(=O)C(CC3=CC=CC=C3)NC(=O)C3CCCN3C(=O)CNC(=O)C(C)NC(=O)C3CNCCCCC(C(=O)O)NC(=O)C4NC(=O)C(CO)NC(=O)CNC(=O)C(C(O)C(=O)O)NC(=O)C(CSC(C)C(NC(=O)C(CO)NC(=O)C(C)NC(=O)C(N)CSC4C)C(=O)NC(CSC2C)C(=O)N3)NC1=O,Ikke lagt til i folder
,Thiomuracin,Thiopeptid,Type II,BGC0001860,O=C1C2=CSC(C3=C(C4=CSC(C5=CSC([C@@H](NC([C@H](CC6=CC=C(O)C=C6)NC(C7=CSC([C@H]([C@H](O)C8=CC=CC=C8)NC(C9=C(C)SC([C@H](CC(N)=O)N1)=N9)=O)=N7)=O)=O)[C@H](C)C%10CO%10)=N5)=N4)N=C(C%11=NC(C(NC(C(NC(C(N[C@@H](C)C(O)=O)=O)=C)=O)=C)=O)=CS%11)C=C3)=N2,
,Thiopeptin,Thiopeptid,Type III,BGC0001474,C[C@H]([C@H](NC1=S)C2=NC([C@@H](N3)[C@](C4=NC(C(N[C@@](C(N/C(C5=N[C@@H](C(N[C@](C(C)(O)[C@@H](C)O)([H])C6=NC1=CS6)=O)CS5)=C\C)=O)([H])[C@@H](C)O)=O)=CS4)(NC([C@H](C)NC(C(NC([C@H](C)NC([C@H](C(C)C)N[C@@H]7C=CC8=C(N=C9C=C8[C@@H](O)C)[C@H]7O)=O)=O)=C)=O)=O)CC[C@@H]3C%10=NC(C(NC(C(NC(C(O)=O)=C)=O)=C)=O)=CS%10)=CS2)OC9=O,
,Sch 18640,Thiopeptid,Type II,BGC0001473,C[C@H]([C@H](NC1=S)C2=NC([C@@H](N3)[C@](C4=NC(C(N[C@@](C(N/C(C5=N[C@@H](C(N[C@](C(C)(O)[C@@H](C)O)([H])C6=NC1=CS6)=O)CS5)=C\C)=O)([H])[C@@H](C)O)=O)=CS4)(NC([C@H](C)NC(C(NC([C@H](C)NC([C@H]([C@@H](CC)C)N[C@@H]7C=CC8=C(N=C9C=C8[C@@H](O)C)[C@H]7O)=O)=O)=C)=O)=O)CC[C@@H]3C%10=NC(C(NC(C(NC(C(N)=O)=C)=O)=C)=O)=CS%10)=CS2)OC9=O,
,Saalfelduracin,Thiopeptid,Type III,BGC0001471,C[C@H]([C@H](NC1=S)C2=NC([C@](N3)([H])[C@](C4=NC(C(N[C@@](C(N/C(C5=N[C@](C(N[C@](C(C)(O)[C@@H](C)O)([H])C6=NC1=CS6)=O)([H])CS5)=C\C)=O)([H])[C@@H](C)O)=O)=CS4)(NC(C(NC(C(NC(C(NC([C@@](C)([H])N[C@@H]7C=CC8=C(N=C9C=C8[C@@H](O)C)[C@H]7O)=O)=C)=O)=C)=O)=C)=O)CCC3C%10=NC(C(NC(C(NC(C(O)=O)=C)=O)=C)=O)=CS%10)=CS2)OC9=O,
,GE2270,Thiopeptid,Type II,BGC0001155,CC1=C2C(=O)NCC(=O)NC(C3=NC(=CS3)C4=NC(=CS4)C5=C(C=CC(=N5)C6=NC(=CS6)C7=NC(CO7)C(=O)N8CCCC8C(=O)N)C9=NC(=CS9)C(=O)NC(C3=NC(=C(S3)COC)C(=O)NC(C(=N2)S1)CC(=O)NC)C(C)C)C(C1=CC=CC=C1)O,
,Cyclothiazomycin C,Thiopeptid,Type III,BGC0001146,O=C([C@H]1CSC(C2=CSC(C3=CSC(C(NC([C@@H]4CSC(C5=CSC(C6=CC=C(C(N[C@@H](CC(N)=O)C7=N[C@H](C(N/C8=C\C)=O)CS7)=O)C([C@H](NC9=O)C)=N6)=N5)=N4)=O)=C)=N3)=N2)=N1)N[C@H](C(O)=O)CS[C@@](C)(C(N[C@@H](CCCCN)C(NCC(NC(C(N%10[C@H]9CCC%10)=O)=C)=O)=O)=O)NC8=O,
,Cyclothiazomycin b1,Thiopeptid,Type III,BGC0001145,[H][C@]12CSC(=N1)C1=CSC(=N1)C1=CSC(=N1)C(=C)NC(=O)[C@@]1([H])CSC(=N1)C1=CSC(=N1)C1=CC=C3C(=N1)[C@H](C)NC(=O)[C@]1([H])CCCN1C(=O)\C(NC(=O)CNC(=O)[C@H](CCCNC(N)=N)NC(=O)C(C)(NC(=O)\C(NC(=O)C1CSC(=N1)[C@H](CC(N)=O)NC3=O)=C\C)SC[C@H](NC2=O)C(O)=O)=C\C,
,Lactocillin,Thiopeptid,Type III,BGC0000628,O=C(NC(C(O)=O)C)C1=CSC(C2=CSC(C3=NC(C4=CSC(C(CSC(C5=CNC6=C5C=CC=C6)=O)NC7=O)=N4)=C(C8=NC(C(NC(C(C)O)C(N/C(C9=NC(C(NC(C%10=NC7CS%10)C(O)C)=O)=CS9)=C\C)=O)=O)=CS8)C=C3)=N2)=N1,
,TP-1161,Thiopeptid,Type III,BGC0000615,C\C=C1\NC(=O)[C@@H](NC(=O)C2=CSC(=N2)C2=C(N=C(C=C2)C(=O)NC(=C)C(=O)NC(=C)C(=O)NCC(C)=O)C2=COC(=N2)C(=C)NC(=O)C(=C)NC(=O)C2=CSC(=N2)[C@H](C)NC(=O)C2=CSC(CNC(=O)C3=C(C)OC1=N3)=N2)[C@@H](C)O,
,Thiostrepton,Thiopeptid,Type II,BGC0000614,CCC(C)C1C(=O)NC(C(=O)NC(=C)C(=O)NC(C(=O)NC23CCC(=NC2C4=CSC(=N4)C(C(OC(=O)C5=NC6=C(C=CC(C6O)N1)C(=C5)C(C)O)C)NC(=O)C7=CSC(=N7)C(NC(=O)C8CSC(=N8)/C(=C\C)/NC(=O)C(NC(=O)C9=CSC3=N9)C(C)O)C(C)(C(C)O)O)C1=NC(=CS1)C(=O)NC(=C)C(=O)NC(=C)C(=O)N)C)C,
,Thiomuracin A,Thiopeptid,Type II,BGC0000613,C[C@@H](C1CO1)[C@@H]1NC(=O)[C@H](CC2=CC=C(O)C=C2)NC(=O)C2=CSC(=N2)[C@@H](NC(=O)C2=C(C)SC(=N2)[C@H](CC(N)=O)NC(=O)C2=CSC(=N2)C2=C(N=C(C=C2)C2=NC(=CS2)C(=O)NC(=C)C(=O)NC(=C)C(O)=O)C2=CSC(=N2)C2=CSC1=N2)[C@H](O)C1=CC=CC=C1,
,Thiocillin I,Thiopeptid,Type III,BGC0000612,C/C=C/1\C2=NC(=CS2)C(=O)NC(C3=NC(=CS3)C(=O)NC(C4=NC(=CS4)C5=C(C=CC(=N5)C6=NC(=CS6)C7=NC(=CS7)C(=O)N/C(=C/C)/C(=O)NCC(C)O)C8=NC(=CS8)C(=O)NC(C(=O)N1)C(C)O)C(C)O)C(C)(C)O,
,Siomycin A,Thiopeptid,Type II,BGC0000611,CC=C1C2=NC(CS2)C(=O)NC(C3=NC(=CS3)C(=O)NC4C(OC(=O)C5=NC6=C(C=CC(C6O)NC(C(=O)NC(=C)C(=O)NC(=C)C(=O)NC(C(=O)NC7(CCC(=NC7C8=CSC4=N8)C9=NC(=CS9)C(=O)NC(=C)C(=O)NC(=C)C(=O)N)C2=NC(=CS2)C(=O)NC(C(=O)N1)C(C)O)C)C(C)C)C(=C5)C(C)O)C)C(C)(C(C)O)O,
,Nosiheptide,Thiopeptid,Type I,BGC0000610,C/C=C\1/C2=NC(=CS2)C(=O)NC3CC(C(=O)OCC4=C5C(=C(C(=O)SCC(C6=NC(=CS6)C7=N/C(=C/8\NC(=CS8)C(=O)NC(=C)C(=O)N)/C(=O)C=C7C9=NC(=CS9)C(=O)NC(C(=O)N1)C(C)O)NC(=O)C1=CSC3=N1)NC5=CC=C4)C)O,
,Nocathiacin,Thiopeptid,Type I,BGC0000609,C[C@H]1[C@H]([C@@](C[C@@H](O1)O[C@H]2[C@@H]3[C@H]4C5=NC(=CS5)C(=O)N[C@@H](COC(=O)C6=C(CO3)C7=C(COC2=O)C=CC=C7N6O)C8=NC(=CS8)C9=N/C(=C/1\NC(=CS1)C(=O)NC(=C)C(=O)N)/C(=O)C=C9C1=NC(=CS1)C(=O)N[C@H](C(=O)N/C(=C(\C)/OC)/C1=NC(=CS1)C(=O)N4)[C@@H](C)O)(C)O)N(C)C.C(=O)(C(F)(F)F)O,
,Nocathiacin,Thiopeptid,Type I,BGC0000608,C[C@H]1[C@H]([C@@](C[C@@H](O1)O[C@H]2[C@@H]3[C@H]4C5=NC(=CS5)C(=O)N[C@@H](COC(=O)C6=C(CO3)C7=C(COC2=O)C=CC=C7N6O)C8=NC(=CS8)C9=N/C(=C/1\NC(=CS1)C(=O)NC(=C)C(=O)N)/C(=O)C=C9C1=NC(=CS1)C(=O)N[C@H](C(=O)N/C(=C(\C)/OC)/C1=NC(=CS1)C(=O)N4)[C@@H](C)O)(C)O)N(C)C.C(=O)(C(F)(F)F)O,
,Micrococcin P1,Thiopeptid,Type III,BGC0000607,C/C=C/1\C2=NC(=CS2)C(=O)NC(C3=NC(=CS3)C(=O)NC(C4=NC(=CS4)C5=C(C=CC(=N5)C6=NC(=CS6)C7=NC(=CS7)C(=O)N/C(=C/C)/C(=O)NCC(C)O)C8=NC(=CS8)C(=O)NC(C(=O)N1)C(C)O)C(C)O)C(C)C,
,Lactazole,Thiopeptid,Type III,BGC0000606,CC1C(=NC(=C)C2NC(=CO2)C3=C(C=CC(=N3)C4=NC(=CS4)C(=NC(C)C(=NC(CCC(=N)O)C(=O)N5CCCC5C(=O)O)O)O)C(=NC(C(=NCC(=NC(C6=NC(=CS6)C(=NC(=C)C7=NC(=CS7)C(=NC(C(=N1)O)CCC(=N)O)O)O)CO)O)O)CC8=CNC9=CC=CC=C98)O)O,Hentet fra PubChem
,GE37468,Thiopeptid,Type III,BGC0000605,CC1CC(O)N2C1C1=NC(=CS1)C1=NC(=CS1)C1=NC(=CC=C1C1=NC(=C(C)O1)C(=O)NC(CC(N)=O)C1=NC(=CS1)C(=O)NC(CC1=CC=CC=C1)C1=NC(CS1)C(=O)NC(CC1=CC=C(O)C=C1)C2=O)C1=NC(=CS1)C(=O)NC(=C)C(=O)NC(=C)C(O)=O,
,GE2270A,Thiopeptid,Type II,BGC0000604,CC1=C2C(=O)NCC(=O)NC(C3=NC(=CS3)C4=NC(=CS4)C5=C(C=CC(=N5)C6=NC(=CS6)C7=NC(CO7)C(=O)N8CCCC8C(=O)N)C9=NC(=CS9)C(=O)NC(C3=NC(=C(S3)COC)C(=O)NC(C(=N2)S1)CC(=O)NC)C(C)C)C(C1=CC=CC=C1)O,
,Cyclothiazomycin,Thiopeptid,Type III,BGC0000603,[H][C@](C)(O)[C@]1([H])NC(=O)[C@@]2(C)NC(=O)\C(NC(=O)[C@]3([H])CSC(=N3)[C@]([H])(CC(N)=O)NC(=O)C3=CC=C(N=C3[C@@]([H])(C)NC(=O)[C@]3([H])CCCN3C(=O)\C(NC(=O)CNC1=O)=C\C)C1=NC(=CS1)C1=N[C@@]([H])(CS1)C(=O)NC(=C)C1=NC(=CS1)C1=NC(=CS1)C1=N[C@@]([H])(CS1)C(=O)N[C@@]([H])(CS2)C(O)=O)=C\C,
,stlassin,lassopeptide,Class II,BGC0002425,CC[C@H](C)[C@@H]1NC(=O)[C@H](C(C)C)NC(=O)[C@H](C(C)C)NC(=O)[C@H](CC(C)C)NC(=O)C[C@@H](C(=O)N[C@@H](CC2=C[NH]C3=CC=CC=C23)C(=O)N[C@@H](CC(N)=O)C(=O)N[C@@H](C)C(=O)N2CCC[C@H]2C(=O)NCC(=O)N[C@@H](CC2=C[NH]C3=CC=CC=C23)C(=O)N[C@@H](CC2=CC=CC=C2)C(=O)O)NC(=O)[C@H](C)NC(=O)[C@H](CCC(N)=O)NC(=O)[C@H](C(C)C)NC1=O,
,humidimycin,lassopeptide,Class I,BGC0002307,CC[C@H](C)[C@H]1C(=O)NCC(=O)N[C@H](C(=O)N[C@@H]2CSSC[C@@H](NC(=O)[C@@H](NC(=O)[C@@H](NC(=O)[C@@H](NC(=O)[C@H](NC(=O)CNC(=O)[C@@H]3CSSC[C@H](C(=O)N[C@H](C(=O)NCC(=O)N1)CC(C)C)NC(=O)C[C@@H](C(=O)N[C@H](C(=O)N[C@H](C(=O)NCC(=O)N3)C)CC4=CC=CC=C4)NC(=O)[C@@H](NC2=O)CC(=O)O)CC5=CC=C(C=C5)O)C)[C@@H](C)CC)C(C)C)C(=O)N[C@@H](CC6=CC=CC=C6)C(=O)N[C@@H](CC7=CC8=CC=CC=C8N7)C(=O)O)CO,
,LP2,lassopeptide,Class II,BGC0002289,CC[C@H](C)C(NC(=O)[C@H](CCC(=O)O)NC(=O)[C@@H]1CCC(=O)N[C@@H](CC(C)C)C(=O)N[C@@H](CC2=CC=C(O)C=C2)C(=O)NCC(=O)N[C@@H](C(C)C)C(=O)N[C@@H](CCCNC(=N)N)C(=O)N[C@@H](CC(N)=O)C(=O)N[C@@H](CC(=O)O)C(=O)N1)C(=O)N[C@@H](CC(N)=O)C(=O)N[C@@H](CC1=C[NH]C2=CC=CC=C12)C(=O)N[C@@H](CC1=CN=C[NH]1)C(=O)N[C@@H](CC1=CC=CC=C1)C(=O)N[C@@H](CC(=O)O)C(=O)N[C@@H](CC1=CC=C(O)C=C1)C(=O)N[C@@H](CC1=C[NH]C2=CC=CC=C12)C(=O)NC(C(=O)O)[C@@H](C)O,
,huascopeptin,lassopeptide,Class II,BGC0002074,CC(C)C[C@H](NC(=O)CNC(=O)[C@H](CC(N)=O)NC(=O)[C@H](CCCCN)NC(=O)[C@H](CO)NC(=O)[C@@H]1CC(=O)NCC(=O)N[C@@H](CC2=CC=C(O)C=C2)C(=O)NCC(=O)N[C@@H](CC(N)=O)C(=O)N[C@@H](C)C(=O)N[C@@H](CC2=CNC3=CC=CC=C23)C(=O)N1)C(=O)N[C@@H](CC1=CC=CC=C1)C(=O)O,
,"felipeptin A2",lassopeptide,Class III,BGC0002064,CC[C@H](C)[C@@H]1NC(=O)[C@H](CC(C)C)NC(=O)[C@H](CSSC[C@H](NC(=O)[C@H](CC2=CC=CC=C2)NC1=O)C(O)=O)NC(=O)[C@H](CCC(N)=O)NC(=O)[C@H](CCCCN)NC(=O)[C@H](CC(N)=O)NC(=O)[C@H](CC1=CC=C(O)C=C1)NC(=O)[C@@H]1CCC(=O)NCC(=O)NCC(=O)NCC(=O)NCC(=O)N[C@@H](CCCNC(N)=N)C(=O)NCC(=O)N[C@@H](CC2=CC=C(O)C=C2)C(=O)N1,
,"felipeptin A1",lassopeptide,Class III,BGC0002064,CC[C@H](C)[C@@H]1NC(=O)[C@H](CC(C)C)NC(=O)[C@H](CSSC[C@H](NC(=O)[C@H](CC2=CC3=CC=CC=C3N2)NC1=O)C(=O)N[C@@H](CC(O)=O)C(O)=O)NC(=O)[C@H](CCCNC(N)=N)NC(=O)[C@@H](NC(=O)CNC(=O)[C@@H]1CCCN1C(=O)[C@@H]1CCC(=O)NCC(=O)NC(CO)C(=O)NC(CCCNC(N)=N)C(=O)NCC(=O)N[C@@H](CC2=CC3=CC=CC=C3N2)C(=O)NCC(=O)N[C@@H](CC2=CC=CC=C2)C(=O)N1)C(C)C,
,ulleungdin,lassopeptide,Class II,BGC0002053,CC[C@H](C)[C@@H]1NC(=O)[C@H](CC2=CC=CC=C2)NC(=O)CNC(=O)C[C@@H](C(=O)N[C@H](C(=O)N[C@@H](CC2=CC=CC=C2)C(=O)NCC(=O)N[C@@H](CC2=CN=C[NH]2)C(=O)N[C@@H](CC2=CC=C(O)C=C2)C(=O)NCC(=O)NCC(=O)O)[C@@H](C)CC)NC(=O)[C@H](CCCCN)NC(=O)CNC(=O)[C@H](CC2=C[NH]C3=CC=CC=C23)NC(=O)CNC1=O,
,aborycin ,lassopeptide,Class I,BGC0002015,CCC(C)[C@H]1C(=O)NCC(=O)N[C@H](C(=O)N[C@H](C(=O)N[C@H](C(=O)NCC(=O)N[C@H]2CSSC[C@@H](C(=O)N[C@H](C(=O)NCC(=O)N1)CC(C)C)NC(=O)C[C@H]3C(=O)OC(=O)[C@@H](NC(=O)[C@@H](NC(=O)[C@H](CSSC[C@@H](C(=O)N[C@H](C(=O)N3)CC(=O)N)N)NC(=O)[C@@H](NC(=O)[C@@H](NC(=O)[C@@H](NC(=O)[C@@H](NC(=O)CNC2=O)CC4=CC=C(C=C4)O)C)C(C)C)C(C)C)CC5=CC=CC=C5)CC6=CNC7=CC=CC=C76)C)CC8=CC=CC=C8)CO,
,siamycin I,lassopeptide,Class I,BGC0001920,CC[C@H](C)[C@H]1C(=O)N[C@H](C(=O)N[C@@H](CSSC[C@H]2C(=O)N[C@H](C(=O)N[C@H]3CC(=O)N[C@@H](CSSC[C@@H](C(=O)NCC(=O)N[C@H](C(=O)N[C@H](C(=O)N1)C)CC4=CC=C(C=C4)O)NC(=O)CNC(=O)[C@@H](NC(=O)[C@@H](NC3=O)CC5=CC=CC=C5)C)C(=O)N[C@H](C(=O)NCC(=O)N[C@H](C(=O)NCC(=O)N[C@H](C(=O)N2)CO)C(C)C)CC(C)C)CC(=O)N)C(=O)N[C@@H](CC6=CC=CC=C6)C(=O)N[C@@H](CC7=CNC8=CC=CC=C87)C(=O)O)C(C)C,
,LP2006,lassopeptide,Class III,BGC0001655,CC(C)[C@H]1C(=O)N[C@H](C(=O)N[C@H](C(=O)N[C@@H](CSSC[C@@H](C(=O)N1)NC(=O)[C@H](CO)NC(=O)[C@H](CC2=CNC3=CC=CC=C32)NC(=O)[C@H](CC(=O)O)NC(=O)[C@H](CC(=O)N)NC(=O)[C@@H]4CCC(=O)NCC(=O)N[C@H](C(=O)N5CCC[C@H]5C(=O)N[C@H](C(=O)N[C@H](C(=O)NCC(=O)N[C@H](C(=O)N4)CC6=CC=CC=C6)CC7=CNC8=CC=CC=C87)CC(=O)N)CCCNC(=N)N)C(=O)O)C(C)C)CCCNC(=N)N,
,lagmysin,lassopeptide,Class II,BGC0001645,C[C@H]1C(=O)NCC(=O)N[C@H](C(=O)NCC(=O)N[C@H](C(=O)N2CCC[C@H]2C(=O)N[C@@H](CC(=O)N[C@H](C(=O)N1)CC(C)C)C(=O)N[C@@H](CC(C)C)C(=O)N[C@@H](CC(C)C)C(=O)NCC(=O)NCC(=O)N[C@@H](CC3=CN=CN3)C(=O)N[C@@H](CO)C(=O)N[C@@H](CC(C)C)C(=O)N[C@@H](CC(C)C)C(=O)O)CO)CCC(=O)N,
,cattlecin ,lassopeptide,Class II,BGC0001539,C1[C@H](NC(=O)[C@@H](NC(=O)[C@@H](NC(=O)[C@@H](NC(=O)CNC(=O)[C@@H](NC(=O)[C@@H](NC(=O)[C@@H](NC(=O)[C@@H](NC1=O)CO)CC2=CC=C(C=C2)O)CC3=CN=CN3)CC4=CNC5=CC=CC=C54)CC(=O)O)CC6=CC=C(C=C6)O)CC7=CN=CN7)C(=O)N[C@@H](CC8=CNC9=CC=CC=C98)C(=O)N[C@@H](CC1=CN=CN1)C(=O)N[C@@H](CC1=CN=CN1)C(=O)NCC(=O)N[C@@H](CC1=CNC2=CC=CC=C21)C(=O)N[C@@H](CC1=CC=C(C=C1)O)C(=O)NCC(=O)N[C@@H](CC1=CNC2=CC=CC=C21)C(=O)N[C@@H](CC1=CNC2=CC=CC=C21)C(=O)N[C@@H](CC(=O)O)C(=O)N[C@@H](CC(=O)O)C(=O)O,
,streptomonomicin,lassopeptide,Class II,BGC0001176,CC[C@H](C)[C@H](NC(=O)[C@H](CC(C)C)NC(=O)[C@H](C)NC(=O)[C@@H]1CCCN1C(=O)[C@H](CC1=CC=C(O)C=C1)NC(=O)CNC(=O)[C@H](CC(C)C)NC(=O)[C@@H](NC(=O)[C@@H]1CC(=O)N[C@@H](CO)C(=O)N[C@@H](CC(C)C)C(=O)NCC(=O)N[C@@H](CO)C(=O)N[C@@H](CO)C(=O)N2CCC[C@H]2C(=O)N[C@@H](CC2=CC=C(O)C=C2)C(=O)N[C@@H](CC(N)=O)C(=O)N1)[C@@H](C)CC)C(=O)N[C@@H](C(C)C)C(=O)N[C@@H]([C@@H](C)CC)C(=O)N[C@@H](CC1=CC=C(O)C=C1)C(=O)N1CCC[C@H]1C(O)=O,
,"microcin J25",lassopeptide,Class II,BGC0000581,CCC(C)C1NC(=O)CNC(=O)C(NC(=O)C(CC2=CC=CC=C2)NC(=O)C(CC2=CC=C(O)C=C2)NC(=O)C(CCC(O)=O)NC(=O)C2CCCN2C(=O)C(NC(=O)C(CC2=CN=CN2)NC(=O)CNC(=O)C(C)NC(=O)CNC(=O)CNC(=O)CNC(=O)C(CC2=CC=C(O)C=C2)NC(=O)C(CC2=CC=CC=C2)NC(=O)C(CO)NC(=O)C(NC(=O)C2CCCN2C(=O)C(NC(=O)CNC1=O)C(C)O)C(C)CC)C(C)C)C(C)C,
,lariatin,lassopeptide,Class II,BGC0000575,CC[C@H](C)[C@@H](C(=O)N[C@@H](CC(C)C)C(=O)N1CCC[C@H]1C(=O)O)NC(=O)[C@H](C(C)C)NC(=O)[C@H](CC(=O)N)NC(=O)[C@H](CO)NC(=O)[C@H](CC2=CN=CN2)NC(=O)CNC(=O)[C@H](C(C)C)NC(=O)[C@H](CC3=CNC4=CC=CC=C43)NC(=O)[C@@H]5CCC(=O)NCC(=O)N[C@H](C(=O)N[C@H](C(=O)N[C@H](C(=O)N[C@H](C(=O)N[C@H](C(=O)N[C@H](C(=O)N5)CCCNC(=N)N)CC6=CC=C(C=C6)O)C(C)C)CC(C)C)CCC(=O)N)CO,