,BGC,Success,BGC type
0,1,1,T1PKS
1,10,0,
2,100,1,T1PKS
3,1000,1,NRPS/T1PKS
4,1001,1,T3PKS/NRPS/PKS-like/T1PKS
5,1002,1,NRPS/T1PKS
6,1003,1,NRPS/T1PKS
7,1004,1,other/T1PKS/oligosaccharide
8,1005,1,transAT-PKS-like/NRPS
9,1006,1,NRPS-like/T1PKS
10,1007,1,NRPS-like/T1PKS
11,1008,1,NRPS/T1PKS
12,1009,1,NRPS/T1PKS
13,101,0,
14,1010,1,NRPS/T1PKS
15,1011,1,NRPS/T1PKS
16,1012,1,NRPS/T1PKS
17,1013,1,NRPS/T1PKS
18,1014,1,NRPS/T1PKS
19,1015,1,NRPS/T1PKS
20,1016,1,NRPS/T1PKS
21,1017,1,NRPS/T1PKS
22,1018,1,NRPS
23,1019,1,NRPS/T1PKS
24,102,1,T1PKS
25,1020,0,LAP/thiopeptide/NRPS/nucleoside
26,1021,1,NRPS
27,1022,1,NRPS/T1PKS
28,1023,1,NRPS/T1PKS
29,1024,1,NRPS/T1PKS
30,1025,1,transAT-PKS-like/NRPS/PKS-like/transAT-PKS
31,1026,1,NRPS/T1PKS
32,1027,1,NRPS
33,1028,1,NRPS/T1PKS
34,1029,1,NRPS/T1PKS
35,103,1,T1PKS
36,1030,1,NRPS/T1PKS
37,1031,1,T3PKS/transAT-PKS-like/PKS-like/transAT-PKS
38,1032,1,T3PKS/transAT-PKS-like/PKS-like/transAT-PKS
39,1033,1,NRPS/T1PKS
40,1034,1,NRPS/T1PKS
41,1035,1,NRPS/betalactone/T1PKS
42,1036,1,NRPS/T1PKS/other
43,1037,1,NRPS/T1PKS
44,1038,1,amglyccycl/T1PKS
45,1039,1,NRPS/T1PKS
46,104,1,T1PKS
47,1040,1,NRPS/T1PKS
48,1041,1,NRPS/T1PKS
49,1042,1,hglE-KS/NRPS/PKS-like/T1PKS
50,1043,1,NRPS/T1PKS
51,1044,1,NRPS/indole
52,1045,1,NRPS
53,1046,1,NRPS/terpene/T1PKS
54,1047,1,NRPS/T1PKS
55,1048,1,NRPS/T1PKS
56,1049,1,NRPS/T1PKS
57,105,1,T1PKS
58,1050,1,NRPS
59,1051,1,NRPS/T1PKS
60,1052,1,NRPS/T1PKS
61,1053,1,NRPS/T1PKS
62,1054,1,NRPS/T1PKS
63,1055,1,NRPS/T1PKS
64,1056,1,PUFA/NRPS/T1PKS/hglE-KS
65,1057,1,NRPS/T1PKS
66,1058,1,NRPS
67,1059,1,NRPS/T1PKS
68,106,1,NRPS-like/T1PKS
69,1060,0,T1PKS
70,1061,1,PKS-like/T1PKS/T2PKS
71,1062,1,PKS-like/T1PKS/T2PKS
72,1063,1,NRPS-like/T1PKS
73,1064,1,T3PKS/PKS-like/T1PKS
74,1065,1,T3PKS/nucleoside/T1PKS
75,1066,1,NRPS-like/T1PKS/T3PKS
76,1067,1,T1PKS
77,1069,1,transAT-PKS-like/NRPS/transAT-PKS/T1PKS
78,107,1,T1PKS
79,1070,1,NRPS/transAT-PKS/T1PKS
80,1071,1,NRPS/T3PKS/PKS-like/T1PKS/transAT-PKS
81,1072,1,aminocoumarin/ladderane/T1PKS/T2PKS
82,1073,0,ectoine/T2PKS
83,1074,0,PKS-like/oligosaccharide/T2PKS
84,1075,0,arylpolyene
85,1076,0,T3PKS/nucleoside
86,1077,0,T3PKS
87,1078,0,T3PKS/terpene/other
88,1079,0,T3PKS/terpene/other
89,108,1,NRPS-like/T1PKS
90,1080,0,T3PKS/phenazine/other
91,1082,0,terpene/indole
92,1083,0,NRPS/butyrolactone/T3PKS/terpene/other
93,1084,1,NRPS/indole
94,1085,1,NRPS/indole
95,1088,1,transAT-PKS-like/NRPS
96,1089,1,T3PKS/NRPS/transAT-PKS
97,109,1,T1PKS
98,1090,1,NRPS/transAT-PKS
99,1091,1,NRPS-like/PKS-like/transAT-PKS
100,1093,1,NRPS/transAT-PKS
101,1094,1,transAT-PKS-like/T1PKS
102,1095,1,NRPS/betalactone
103,1096,1,NRPS/PKS-like/transAT-PKS
104,1098,1,NRPS/transAT-PKS
105,1099,1,T3PKS/NRPS/PKS-like/transAT-PKS
106,11,1,T1PKS
107,110,1,T1PKS
108,1100,1,NRPS
109,1101,1,NRPS/transAT-PKS
110,1102,1,NRPS/transAT-PKS/T1PKS
111,1103,1,NRPS/transAT-PKS
112,1104,0,PKS-like
113,1105,1,T3PKS/transAT-PKS-like/NRPS
114,1106,1,NRPS/transAT-PKS
115,1108,1,NRPS/transAT-PKS
116,111,1,T1PKS
117,1110,1,transAT-PKS-like/NRPS/PKS-like/transAT-PKS
118,1111,1,NRPS/transAT-PKS
119,1112,1,transAT-PKS-like/NRPS/transAT-PKS
120,1113,1,NRPS/PKS-like/transAT-PKS
121,1114,1,transAT-PKS-like/NRPS/PKS-like/transAT-PKS
122,1115,1,T3PKS/NRPS/PKS-like/transAT-PKS
123,1116,1,NRPS/PKS-like/transAT-PKS
124,1117,1,NRPS/other
125,1118,1,T1PKS
126,1119,1,NRPS-like/T1PKS
127,112,1,butyrolactone/T1PKS/other
128,1120,0,
129,1122,1,NRPS/T1PKS
130,1123,1,NRPS
131,1124,1,T1PKS
132,1125,1,NRPS/T1PKS
133,1126,0,other
134,1127,1,NRPS
135,1128,1,NRPS
136,113,1,T1PKS
137,1130,1,PUFA/NRPS/T1PKS/hglE-KS
138,1131,1,NRPS
139,1132,1,NRPS
140,1133,1,NRPS
141,1134,0,
142,1135,1,NRPS
143,1136,1,NRPS/T1PKS
144,1137,0,
145,1138,0,
146,114,1,T1PKS
147,1140,0,
148,1141,0,T1PKS
149,1142,1,NRPS
150,1143,1,T1PKS
151,1144,1,T1PKS/indole
152,1145,0,LAP/thiopeptide
153,1146,0,LAP/thiopeptide
154,1148,0,T3PKS/bacteriocin/NRPS/fused
155,1149,1,NRPS
156,115,1,T1PKS
157,1150,0,
158,1151,0,blactam
159,1152,1,NRPS
160,1153,1,NRPS
161,1154,0,aminocoumarin
162,1155,0,LAP/thiopeptide
163,1156,0,
164,1157,0,bacteriocin/bottromycin
165,1159,1,T1PKS
166,116,1,T1PKS
167,1160,1,NRPS-like/T1PKS
168,1161,1,NRPS-like/T1PKS
169,1162,1,NRPS-like/T1PKS
170,1163,1,NRPS-like/T1PKS
171,1164,1,NRPS-like/T1PKS
172,1165,1,T3PKS/NRPS/PKS-like/T1PKS
173,1166,1,NRPS
174,1167,0,cyanobactin
175,1168,1,NRPS-like
176,1169,1,T1PKS
177,117,1,T1PKS
178,1170,0,LAP/bacteriocin
179,1171,0,LAP/bacteriocin
180,1172,1,T1PKS
181,1173,0,LAP
182,1174,0,LAP
183,1176,0,lassopeptide
184,1177,0,T2PKS
185,1178,1,T3PKS/NRPS
186,1179,0,PKS-like/T2PKS
187,118,1,PKS-like/arylpolyene/T1PKS
188,1181,0,terpene
189,1182,1,NRPS/T1PKS
190,1183,1,NRPS/T3PKS/T1PKS/other/oligosaccharide
191,1184,0,other
192,1185,1,NRPS
193,1186,1,T3PKS/transAT-PKS-like/transAT-PKS
194,1187,1,NRPS/T1PKS
195,1188,0,linaridin
196,1189,1,NRPS
197,119,1,PKS-like/arylpolyene/T1PKS
198,1190,1,NRPS-like/T1PKS
199,1191,0,blactam
200,1192,1,NRPS
201,1193,1,NRPS
202,1194,1,T1PKS
203,1195,1,NRPS/T1PKS
204,1196,1,NRPS
205,1197,0,T2PKS
206,1198,0,
207,1199,1,T1PKS
208,12,1,T1PKS
209,120,1,T1PKS
210,1200,1,T1PKS
211,1201,0,terpene
212,1202,1,NRPS/T1PKS
213,1203,1,NRPS/T1PKS
214,1204,1,T1PKS
215,1205,1,T1PKS/indole
216,1206,0,
217,1207,1,NRPS
218,1209,0,RaS-RiPP
219,121,1,T1PKS
220,1210,0,lanthipeptide
221,1211,1,NRPS
222,1212,1,NRPS/T1PKS
223,1213,1,hglE-KS/PKS-like/T1PKS
224,1214,1,NRPS
225,1215,1,NRPS-like/T1PKS
226,1216,1,NRPS/T1PKS
227,1217,0,
228,1218,1,NRPS/T1PKS
229,1219,0,
230,122,1,NRPS-like/T1PKS
231,1220,1,NRPS
232,1221,0,phenazine/other
233,1222,0,bacteriocin
234,1223,0,indole
235,1224,0,indole
236,1225,0,NRPS
237,1227,0,terpene
238,1228,1,NRPS
239,1229,0,lanthipeptide
240,123,1,T1PKS
241,1230,1,NRPS/T1PKS
242,1231,1,NRPS/T1PKS
243,1233,1,T3PKS/NRPS
244,1235,1,NRPS/T1PKS
245,1236,1,NRPS/T1PKS
246,1237,1,NRPS/T1PKS
247,1238,0,
248,1239,0,
249,124,1,T1PKS
250,1240,1,NRPS
251,1241,0,indole
252,1242,1,T1PKS
253,1244,1,T1PKS
254,1245,1,T1PKS
255,1246,1,T1PKS
256,1248,0,
257,1249,1,NRPS
258,125,1,NRPS-like/T1PKS
259,1250,1,NRPS
260,1251,1,NRPS
261,1252,1,T1PKS
262,1254,1,T1PKS
263,1255,1,NRPS/T1PKS
264,1257,1,T1PKS
265,1258,1,T1PKS
266,126,1,T1PKS
267,1260,0,terpene/indole
268,1261,1,NRPS
269,1262,0,
270,1264,0,T1PKS
271,1265,1,T1PKS
272,1266,1,T1PKS
273,1267,0,indole
274,1268,1,NRPS/T1PKS
275,127,1,T1PKS
276,1273,1,T1PKS
277,1275,1,T1PKS
278,1276,1,T1PKS
279,1277,0,terpene
280,1278,0,terpene
281,128,1,T1PKS
282,1280,0,T1PKS
283,1281,0,T1PKS
284,1283,1,PKS-like/T1PKS
285,1284,1,T1PKS
286,1285,0,PpyS-KS
287,1286,0,
288,1287,1,NRPS-like/T1PKS
289,1288,1,PKS-like/T1PKS
290,1289,0,lanthipeptide
291,129,1,T1PKS
292,1290,1,NRPS/T1PKS
293,1291,0,bacteriocin
294,1292,0,hglE-KS/PKS-like
295,1293,1,T1PKS
296,1294,0,indole
297,1295,0,
298,1296,1,T1PKS
299,1297,1,NRPS/ladderane
300,1298,1,T1PKS
301,1299,1,transAT-PKS
302,13,1,T1PKS
303,130,1,T1PKS
304,1300,1,transAT-PKS
305,1301,1,transAT-PKS
306,1302,0,phenazine
307,1303,1,T1PKS
308,1304,1,T1PKS
309,1305,1,T1PKS
310,1306,0,
311,1307,0,lassopeptide
312,131,0,
313,1310,0,T3PKS
314,1311,0,lanthipeptide
315,1312,1,NRPS
316,132,1,T1PKS
317,1327,1,NRPS/T1PKS
318,1328,1,NRPS/T1PKS
319,1329,1,NRPS/T1PKS
320,133,1,T1PKS
321,1330,1,NRPS/terpene/T1PKS
322,1331,1,NRPS/T1PKS
323,1332,1,NRPS/T1PKS
324,1333,0,indole
325,1334,0,indole
326,1335,0,indole
327,1336,0,indole
328,1337,0,indole
329,1338,1,T1PKS
330,1339,1,terpene/T1PKS
331,134,1,T1PKS
332,1340,1,T1PKS
333,1341,1,NRPS
334,1342,1,NRPS/T1PKS
335,1343,0,ladderane
336,1344,1,NRPS/T1PKS
337,1345,1,NRPS
338,1346,1,NRPS
339,1348,1,T1PKS
340,1349,1,T1PKS
341,135,1,T1PKS
342,1350,1,T3PKS/transAT-PKS-like/PKS-like/transAT-PKS
343,1356,0,lassopeptide
344,1357,1,T3PKS/PKS-like/T1PKS
345,1358,1,NRPS/T1PKS
346,136,1,NRPS-like/T1PKS
347,1360,1,T1PKS
348,1361,0,terpene
349,1362,0,tropodithietic-acid
350,1363,1,NRPS/T1PKS
351,1364,0,bacteriocin/lanthipeptide
352,1365,1,NRPS/indole
353,1366,0,T2PKS
354,1367,1,NRPS/T1PKS
355,1368,1,NRPS
356,1369,0,ladderane
357,137,1,NRPS-like/T1PKS
358,1370,1,NRPS
359,1371,1,NRPS/betalactone
360,1372,1,NRPS/indole
361,1373,1,terpene/T1PKS
362,1374,0,
363,1375,0,indole
364,1376,0,T2PKS
365,1377,0,T1PKS
366,1378,0,T1PKS
367,1379,1,NRPS-like
368,138,1,NRPS-like/T1PKS
369,1380,0,
370,1381,1,NRPS-like/T1PKS
371,1383,1,transAT-PKS
372,1384,0,oligosaccharide/T2PKS
373,1386,0,T2PKS
374,1387,0,
375,1388,0,bacteriocin
376,1389,1,NRPS
377,1390,1,NRPS-like/T1PKS
378,1391,0,lanthipeptide
379,1392,0,lanthipeptide
380,1393,1,NRPS
381,1394,1,NRPS/T1PKS
382,1395,0,phosphoglycolipid
383,1396,1,T1PKS
384,1397,0,NRPS/T1PKS/other
385,1399,0,NRPS
386,14,1,NRPS-like/T1PKS
387,140,1,T1PKS
388,1400,1,T1PKS
389,1402,1,NRPS
390,1403,1,T1PKS
391,1404,1,T1PKS
392,1405,0,T1PKS
393,1406,1,NRPS
394,1407,0,linaridin
395,1408,0,siderophore
396,1409,1,PKS-like/T1PKS/T2PKS
397,141,1,NRPS-like/NRPS/aminocoumarin/T1PKS/other
398,1410,0,
399,1411,0,
400,1412,0,
401,1413,1,NRPS
402,1414,1,NRPS
403,1415,1,NRPS/T1PKS
404,1416,1,NRPS
405,1417,1,NRPS/T1PKS
406,1418,1,NRPS/T1PKS
407,1419,1,NRPS/T1PKS
408,142,1,T1PKS
409,1420,1,NRPS/T1PKS
410,1421,1,NRPS/T1PKS
411,1422,1,NRPS/T1PKS
412,1423,1,NRPS/T1PKS
413,1424,1,NRPS/T1PKS
414,1425,1,NRPS/T1PKS
415,1426,1,NRPS/T1PKS
416,1427,1,NRPS/T1PKS
417,1428,1,NRPS/T1PKS
418,1429,1,NRPS/T1PKS
419,143,1,T1PKS
420,1430,1,NRPS/T1PKS
421,1431,1,NRPS/T1PKS
422,1432,1,NRPS/T1PKS
423,1433,1,T1PKS
424,1434,1,NRPS
425,1435,0,lassopeptide/NRPS/T1PKS
426,1436,1,NRPS-like/T1PKS
427,1437,1,NRPS/hserlactone
428,1438,0,oligosaccharide/T2PKS
429,1439,0,PKS-like/oligosaccharide/T2PKS
430,144,1,butyrolactone/NRPS/T1PKS
431,1440,0,betalactone
432,1441,0,betalactone
433,1442,1,NRPS
434,1443,1,NRPS/T1PKS
435,1444,0,PKS-like
436,1445,1,NRPS/T1PKS
437,1446,1,T1PKS
438,1447,1,T1PKS
439,1448,1,NRPS
440,1449,1,NRPS/T1PKS
441,145,1,NRPS/T1PKS
442,1451,1,NRPS
443,1452,1,T1PKS/oligosaccharide
444,1453,0,siderophore
445,1454,0,T3PKS
446,1455,1,NRPS/T1PKS
447,1456,0,terpene
448,1457,1,NRPS/T1PKS
449,1458,0,butyrolactone
450,1459,1,T3PKS/NRPS
451,146,1,T1PKS
452,1460,1,T3PKS/NRPS
453,1461,1,T3PKS/NRPS
454,1462,1,T3PKS/NRPS
455,1463,0,
456,1464,0,
457,1465,0,PBDE
458,1467,1,NRPS/T1PKS
459,1468,0,CDPS
460,1469,1,NRPS
461,147,1,T1PKS
462,1470,1,transAT-PKS-like/PKS-like/transAT-PKS
463,1471,0,thiopeptide
464,1472,0,LAP/thiopeptide
465,1473,0,thiopeptide/TfuA-related
466,1474,0,thiopeptide/TfuA-related
467,1475,0,terpene
468,1476,0,nucleoside/other
469,1477,1,NRPS/T1PKS
470,1478,0,siderophore
471,1479,1,NRPS
472,148,1,T1PKS
473,1480,0,butyrolactone/NRPS
474,1481,0,terpene
475,1483,0,indole
476,1484,0,
477,1485,0,bacteriocin
478,1486,0,bacteriocin
479,1487,0,butyrolactone
480,1488,0,
481,1489,1,T1PKS
482,149,1,T1PKS
483,1491,1,NRPS-like/T1PKS
484,1492,1,T1PKS
485,1493,0,lassopeptide
486,1494,0,lassopeptide
487,1495,1,T1PKS
488,1496,0,lassopeptide
489,1497,1,NRPS
490,1498,0,siderophore
491,1499,0,siderophore
492,150,1,NRPS/T1PKS
493,1500,0,T2PKS
494,1501,0,other
495,1502,1,NRPS
496,1503,1,NRPS/T1PKS/other
497,1504,1,T1PKS
498,1505,0,cyanobactin
499,1506,0,lassopeptide
500,1507,0,lassopeptide
501,1508,1,T1PKS
502,1509,1,NRPS
503,151,1,T1PKS
504,1510,0,
505,1511,1,NRPS-like/T1PKS
506,1512,0,T2PKS
507,1513,0,T2PKS
508,1514,0,
509,1515,1,NRPS
510,1516,1,NRPS-like
511,1517,1,NRPS
512,1518,1,NRPS
513,1519,1,NRPS/T1PKS/other
514,152,1,T1PKS
515,1520,1,T3PKS/transAT-PKS-like/PKS-like/transAT-PKS
516,1521,0,
517,1522,1,T1PKS/oligosaccharide
518,1523,1,T1PKS
519,1524,1,NRPS
520,1525,0,resorcinol
521,1526,0,resorcinol
522,1527,1,NRPS
523,1528,0,
524,1529,0,
525,153,1,T1PKS
526,1530,0,CDPS
527,1531,0,siderophore
528,1532,1,NRPS
529,1535,0,
530,1536,1,NRPS
531,1537,1,T1PKS
532,1538,0,PKS-like
533,1539,0,lassopeptide
534,154,1,T1PKS
535,1540,0,
536,1541,1,T1PKS
537,1542,1,T1PKS
538,1543,1,NRPS-like/transAT-PKS
539,1544,1,NRPS-like/T1PKS
540,1545,1,NRPS
541,1546,0,bacteriocin
542,1547,0,
543,1548,0,lassopeptide
544,1549,0,lassopeptide
545,1550,0,lassopeptide
546,1551,0,
547,1552,0,lassopeptide
548,1553,1,NRPS/T1PKS
549,1555,0,siderophore
550,1556,1,NRPS/T1PKS
551,1557,1,NRPS-like/T1PKS
552,1558,0,PKS-like/oligosaccharide/T2PKS
553,1559,1,NRPS/T1PKS
554,156,1,T1PKS
555,1560,1,NRPS/T1PKS
556,1561,1,NRPS
557,1562,1,NRPS/betalactone
558,1563,1,NRPS/T1PKS
559,1564,1,T3PKS/NRPS/PKS-like/transAT-PKS
560,1565,1,NRPS/T1PKS
561,1566,1,T3PKS/PKS-like/T1PKS
562,1567,1,NRPS
563,1568,0,PKS-like/oligosaccharide/T2PKS
564,1569,1,NRPS/betalactone
565,157,1,T1PKS
566,1570,1,NRPS
567,1571,0,
568,1572,0,siderophore
569,1573,1,NRPS
570,1574,1,NRPS
571,1575,1,NRPS
572,1576,0,bacteriocin/lanthipeptide
573,1577,0,
574,1578,1,T1PKS
575,1579,0,lanthipeptide
576,158,1,T1PKS
577,1580,1,terpene/T1PKS
578,1582,0,NRPS/lanthipeptide/other
579,1583,1,T1PKS
580,1584,0,NRPS/T1PKS/other
581,1585,1,NRPS
582,1586,0,
583,1587,0,
584,1588,0,
585,1589,0,
586,159,1,T1PKS
587,1590,0,T2PKS
588,1591,0,acyl_amino_acids
589,1592,0,melanin
590,1593,1,NRPS/siderophore
591,1594,0,other
592,1595,0,other
593,1596,0,T2PKS
594,1597,1,T1PKS
595,1598,1,NRPS/T1PKS
596,1599,1,NRPS
597,16,0,
598,160,1,T1PKS
599,1600,1,NRPS-like/T1PKS
600,1601,0,bacteriocin
601,1602,0,bacteriocin
602,1603,0,amglyccycl
603,1604,0,terpene
604,1605,0,
605,1606,1,T1PKS
606,1608,1,NRPS
607,1609,1,NRPS
608,161,1,T1PKS
609,1610,0,
610,1611,1,NRPS/transAT-PKS
611,1612,0,other
612,1614,1,NRPS
613,1615,1,NRPS
614,1616,0,
615,1617,0,terpene
616,1618,0,lanthipeptide
617,1619,1,T1PKS/oligosaccharide
618,162,1,T1PKS/other
619,1620,1,NRPS/T1PKS/indole
620,1621,1,NRPS
621,1622,0,T2PKS
622,1623,1,NRPS/ladderane
623,1624,0,indole
624,1625,0,T2PKS
625,1626,1,NRPS-like/T1PKS
626,1627,1,NRPS
627,1628,1,NRPS
628,163,1,T1PKS
629,1630,1,NRPS/T1PKS
630,1631,1,NRPS/T1PKS
631,1632,0,cyanobactin
632,1633,0,fused
633,1634,0,lassopeptide
634,1635,1,T3PKS/NRPS
635,1636,1,NRPS
636,1637,1,NRPS
637,1638,0,
638,1639,0,
639,164,1,T1PKS
640,1640,0,LAP/thiopeptide
641,1641,1,NRPS
642,1642,0,terpene
643,1644,1,transAT-PKS
644,1645,0,lassopeptide
645,1646,1,NRPS/transAT-PKS/terpene
646,1647,1,NRPS-like/T1PKS
647,1648,1,T1PKS
648,1649,1,T1PKS
649,165,1,PKS-like/T1PKS
650,1650,1,NRPS
651,1651,0,
652,1652,1,NRPS
653,1653,1,T1PKS
654,1654,0,
655,1655,0,lassopeptide
656,1656,1,NRPS-like/transAT-PKS-like/transAT-PKS
657,1657,1,NRPS
658,1658,1,T1PKS
659,1659,0,
660,166,1,T1PKS
661,1660,0,bacteriocin/lanthipeptide
662,1661,0,T2PKS
663,1662,1,T1PKS
664,1663,1,T3PKS/T1PKS
665,1664,0,
666,1665,1,T3PKS/T1PKS
667,1666,1,NRPS-like/T1PKS
668,1667,1,NRPS/T1PKS
669,1668,1,NRPS-like
670,1669,0,furan/lipolanthine/lanthipeptide
671,167,1,T1PKS
672,1670,1,T1PKS
673,1671,1,NRPS/hserlactone
674,1672,1,NRPS
675,1673,0,lassopeptide
676,1674,0,lassopeptide
677,1675,0,T2PKS
678,1677,1,T1PKS
679,1679,1,NRPS
680,168,1,T1PKS/indole
681,1680,0,
682,1681,0,
683,1682,0,
684,1683,0,
685,1684,0,
686,1685,0,
687,1686,1,NRPS
688,1687,0,acyl_amino_acids
689,1688,0,acyl_amino_acids
690,1690,1,NRPS-like/T1PKS
691,1692,1,NRPS
692,1693,0,T2PKS
693,1694,1,T1PKS
694,1695,1,NRPS/T1PKS
695,1696,0,TfuA-related
696,1697,1,T1PKS
697,1698,1,NRPS
698,1699,1,NRPS
699,17,1,T1PKS
700,170,1,T1PKS
701,1700,1,T1PKS
702,1701,0,lanthipeptide
703,1702,1,NRPS/T1PKS
704,1703,1,NRPS/T1PKS
705,1704,1,NRPS/T1PKS
706,1705,1,NRPS/T1PKS
707,1706,0,terpene/indole
708,1707,0,thiopeptide
709,1708,1,T1PKS
710,1709,1,T1PKS
711,171,1,transAT-PKS
712,1710,1,NRPS/hserlactone
713,1711,1,NRPS/T1PKS
714,1712,1,NRPS-like/indole
715,1713,0,siderophore
716,1715,1,NRPS
717,1716,1,NRPS
718,1717,1,NRPS/indole
719,1718,1,NRPS/indole
720,1719,0,PKS-like/T2PKS
721,172,1,transAT-PKS
722,1720,1,T1PKS
723,1721,1,NRPS
724,1722,1,T1PKS
725,1723,0,T2PKS
726,1724,1,NRPS/T1PKS
727,1725,0,
728,1726,1,NRPS/T1PKS
729,1727,0,lanthipeptide
730,1728,1,NRPS/transAT-PKS
731,1729,1,T1PKS
732,173,1,T3PKS/PKS-like/transAT-PKS
733,1730,0,T2PKS
734,1731,0,PKS-like
735,1732,0,PKS-like
736,1733,0,bacteriocin
737,1735,0,linaridin
738,1736,0,
739,1737,1,NRPS/T1PKS
740,1738,1,NRPS/T1PKS
741,1739,0,phosphonate
742,174,1,transAT-PKS-like
743,1740,1,transAT-PKS-like/NRPS/transAT-PKS
744,1741,1,NRPS/T1PKS
745,1742,1,T1PKS
746,1743,0,bacteriocin
747,1745,0,bacteriocin/proteusin
748,1746,0,terpene
749,1747,0,
750,1748,1,NRPS
751,1749,1,T1PKS
752,175,1,NRPS-like/lanthipeptide/transAT-PKS
753,1750,1,NRPS/T1PKS
754,1751,1,NRPS/PKS-like/transAT-PKS
755,1752,1,NRPS
756,1753,0,thiopeptide/bacteriocin
757,1754,1,NRPS/T1PKS
758,1755,1,T1PKS
759,1757,0,
760,1758,1,NRPS
761,1759,1,NRPS-like/T1PKS
762,176,1,transAT-PKS-like/transAT-PKS
763,1760,1,NRPS
764,1761,1,T3PKS/PKS-like/transAT-PKS/T1PKS
765,1762,0,T2PKS
766,1763,1,NRPS/T1PKS/indole
767,1764,1,NRPS
768,1765,0,
769,1766,1,NRPS/T1PKS
770,1767,1,NRPS
771,1768,1,NRPS
772,1769,0,oligosaccharide/T2PKS
773,177,1,transAT-PKS
774,1770,1,T1PKS
775,1771,1,butyrolactone/NRPS
776,1772,1,NRPS-like/transAT-PKS-like/transAT-PKS/T1PKS
777,1773,1,T1PKS
778,1774,0,
779,1775,0,terpene/indole
780,1776,0,terpene/indole
781,1777,0,terpene/indole
782,1778,0,ectoine
783,1779,0,
784,178,1,NRPS-like/T3PKS/PKS-like/transAT-PKS-like/transAT-PKS
785,1780,1,NRPS/transAT-PKS
786,1781,0,lassopeptide
787,1782,0,indole
788,1783,0,
789,1784,1,T1PKS
790,1785,1,NRPS-like/T1PKS
791,1786,0,lassopeptide
792,1787,0,lanthipeptide
793,1788,0,lanthipeptide
794,1789,0,lanthipeptide
795,179,1,transAT-PKS
796,1790,1,NRPS
797,1791,1,NRPS
798,1792,1,NRPS
799,1793,1,NRPS-like/T1PKS
800,1794,1,NRPS-like/T1PKS
801,1795,1,transAT-PKS-like/transAT-PKS
802,1796,1,NRPS
803,1797,0,LAP
804,18,1,T1PKS
805,180,1,NRPS-like/transAT-PKS-like
806,1800,1,bacteriocin/NRPS/T1PKS
807,1801,1,NRPS
808,1802,0,TfuA-related
809,1803,0,TfuA-related
810,1804,0,T1PKS
811,1805,1,NRPS
812,1806,1,NRPS
813,1807,1,T3PKS/NRPS/T1PKS
814,1808,0,nucleoside
815,1809,0,
816,181,1,transAT-PKS
817,1810,0,
818,1811,0,terpene
819,1812,1,T1PKS
820,1813,1,NRPS/PKS-like
821,1814,1,NRPS/betalactone
822,1815,0,T1PKS
823,1817,0,
824,1818,1,NRPS
825,1819,1,NRPS-like/T1PKS/T3PKS
826,182,1,PKS-like/transAT-PKS/hserlactone
827,1820,1,NRPS
828,1822,1,NRPS
829,1823,1,NRPS
830,1824,1,NRPS
831,1825,1,NRPS
832,1826,1,NRPS
833,1827,1,T1PKS
834,1828,1,T1PKS
835,1829,1,NRPS/T1PKS
836,1830,1,T1PKS
837,1831,0,T3PKS
838,1833,1,NRPS
839,1835,1,T3PKS/transAT-PKS-like/PKS-like
840,1836,1,T3PKS/transAT-PKS-like/PKS-like
841,1837,1,T3PKS/transAT-PKS-like/PKS-like/transAT-PKS
842,1838,1,NRPS
843,1839,0,terpene
844,184,1,transAT-PKS-like/transAT-PKS
845,1840,1,NRPS
846,1841,1,NRPS
847,1842,1,NRPS
848,1843,1,NRPS
849,1844,1,NRPS
850,1846,1,NRPS
851,1847,0,blactam
852,1848,0,T3PKS/other
853,1849,0,TfuA-related
854,185,1,transAT-PKS
855,1850,0,
856,1851,0,other/oligosaccharide/T2PKS
857,1852,0,other/oligosaccharide/T2PKS
858,1854,1,T1PKS
859,1856,1,NRPS-like/PKS-like/T1PKS
860,1857,1,NRPS/T1PKS
861,1858,0,T1PKS
862,1859,0,phosphonate
863,186,1,transAT-PKS-like/NRPS/PKS-like/transAT-PKS
864,1860,0,LAP/thiopeptide
865,1861,0,glycocin
866,1862,0,glycocin
867,1863,0,glycocin
868,1864,0,
869,1865,1,T1PKS
870,1866,1,T1PKS
871,1868,0,phenazine
872,187,0,furan
873,1870,0,siderophore
874,1871,1,NRPS
875,1872,0,PUFA/hglE-KS
876,1873,1,NRPS
877,1874,1,NRPS/T1PKS/indole
878,1876,1,NRPS/T1PKS
879,1877,1,NRPS-like/butyrolactone/PKS-like/T1PKS/oligosaccharide
880,1878,1,NRPS
881,188,0,
882,1881,1,NRPS/T1PKS
883,1882,0,
884,1884,1,NRPS/T1PKS
885,1885,1,transAT-PKS-like/NRPS/transAT-PKS
886,1886,1,T1PKS
887,1887,0,
888,1888,0,
889,1889,0,lassopeptide
890,189,0,
891,1890,1,NRPS
892,1891,0,
893,1892,0,T1PKS
894,1893,0,
895,1894,0,
896,1895,0,T2PKS
897,1896,0,
898,1897,0,hserlactone
899,1898,0,phosphonate
900,1899,1,T1PKS
901,19,0,
902,190,0,T2PKS
903,1900,1,NRPS-like
904,1901,1,T1PKS
905,1902,1,NRPS/T1PKS
906,1903,0,terpene
907,1904,0,T2PKS
908,1905,0,T3PKS
909,1906,1,T1PKS
910,1907,1,T1PKS
911,1908,1,T1PKS
912,1909,0,T1PKS
913,191,0,PKS-like/T2PKS
914,1910,0,terpene
915,1911,0,terpene
916,1912,1,NRPS
917,1913,1,T1PKS
918,1914,0,
919,1915,0,
920,1916,1,T1PKS
921,1917,0,
922,1918,1,NRPS/T1PKS
923,1919,1,NRPS/T1PKS
924,192,0,PKS-like/T2PKS
925,1920,0,lassopeptide
926,1921,0,lassopeptide
927,1922,0,T2PKS
928,1923,1,NRPS-like/T1PKS
929,1924,0,
930,1925,0,
931,1926,1,T1PKS
932,1927,0,T3PKS/T1PKS
933,1928,0,
934,1929,0,RaS-RiPP
935,193,0,
936,1930,0,glycocin
937,1932,1,T1PKS
938,1933,0,cyanobactin
939,1934,1,T1PKS
940,1935,0,butyrolactone
941,1936,0,terpene/indole
942,1937,0,nucleoside
943,1938,0,T3PKS
944,1939,1,T1PKS
945,194,0,T2PKS
946,1940,0,T2PKS
947,1941,1,NRPS/T1PKS
948,1942,1,NRPS
949,1943,1,NRPS
950,1944,1,T1PKS
951,1945,1,NRPS
952,1946,1,NRPS/transAT-PKS/terpene
953,1947,0,
954,1948,0,CDPS
955,195,0,T2PKS
956,1950,1,NRPS/T1PKS
957,1951,1,NRPS/T1PKS
958,1952,1,NRPS/T1PKS
959,1953,1,NRPS/T1PKS
960,1954,1,T1PKS
961,1955,1,T3PKS/NRPS
962,1956,1,NRPS-like/T1PKS
963,1957,1,NRPS-like/T1PKS
964,1958,1,NRPS-like/T1PKS
965,1959,0,
966,196,0,
967,1960,0,T2PKS
968,1961,1,NRPS
969,1962,0,T3PKS
970,1963,1,NRPS-like/NRPS/T1PKS
971,1964,0,T3PKS
972,1965,0,
973,1966,1,NRPS/T1PKS
974,1967,1,NRPS/ladderane
975,1968,1,NRPS
976,1969,0,terpene
977,197,0,T2PKS
978,1970,1,T3PKS/NRPS/PKS-like/T1PKS
979,1971,1,T3PKS/NRPS/PKS-like/T1PKS
980,1972,0,
981,1973,0,
982,1975,1,ladderane/NRPS/aminocoumarin/arylpolyene
983,1976,1,T1PKS
984,1977,1,T1PKS
985,1978,1,NRPS/T1PKS
986,1979,0,betalactone/PKS-like/oligosaccharide/T2PKS
987,198,0,T2PKS
988,1980,1,NRPS
989,1982,1,NRPS/T1PKS
990,1983,0,ladderane
991,1984,1,NRPS
992,1985,0,
993,1986,0,CDPS
994,1987,0,
995,1988,1,T1PKS
996,1989,0,
997,199,0,oligosaccharide/T2PKS
998,1990,0,
999,1991,0,
1000,1992,0,
1001,1993,1,NRPS/transAT-PKS
1002,1994,0,
1003,1995,0,terpene
1004,1996,0,
1005,1998,1,T1PKS
1006,1999,1,NRPS
1007,2,1,T1PKS/oligosaccharide
1008,20,1,NRPS-like/T1PKS
1009,200,0,T2PKS
1010,2000,0,T2PKS
1011,2001,1,NRPS/T1PKS
1012,2002,1,NRPS-like/phenazine
1013,2003,1,NRPS
1014,2004,0,bacteriocin
1015,2005,0,
1016,2006,0,lassopeptide
1017,2007,0,terpene
1018,2008,0,arylpolyene
1019,2009,0,
1020,201,0,T2PKS
1021,2010,0,PKS-like/phenazine/T1PKS
1022,2011,1,NRPS-like/T1PKS
1023,2012,0,T2PKS
1024,2013,0,LAP
1025,2014,1,NRPS/ladderane/arylpolyene/other
1026,2015,0,lassopeptide
1027,2016,0,T2PKS
1028,2018,0,
1029,2019,0,terpene
1030,202,0,T2PKS
1031,2020,0,
1032,2021,0,PKS-like/T2PKS
1033,2022,1,T1PKS
1034,2023,0,thiopeptide/TfuA-related
1035,2024,1,PKS-like/T1PKS
1036,2025,1,NRPS/T1PKS
1037,2026,1,NRPS/T1PKS
1038,2027,0,bacteriocin
1039,2028,0,T2PKS
1040,2029,0,melanin
1041,203,0,T2PKS
1042,2030,1,T1PKS
1043,2031,0,
1044,2032,1,T1PKS
1045,2033,1,T1PKS/oligosaccharide
1046,2034,0,T3PKS
1047,2035,1,NRPS/T1PKS
1048,2036,0,phosphonate
1049,204,0,T2PKS
1050,205,0,T3PKS/PKS-like
1051,2057,1,transAT-PKS-like/NRPS
1052,207,0,
1053,208,0,T2PKS
1054,209,0,T2PKS
1055,21,1,T1PKS
1056,210,0,oligosaccharide/T2PKS
1057,211,0,T2PKS
1058,212,0,PKS-like/T2PKS
1059,213,0,furan/ladderane
1060,214,0,PKS-like/T2PKS
1061,215,0,T2PKS
1062,216,0,other/T2PKS
1063,217,0,PKS-like/T2PKS
1064,218,0,PKS-like/T2PKS
1065,219,0,T2PKS
1066,22,1,T1PKS
1067,220,0,T2PKS
1068,221,0,T2PKS
1069,222,0,T2PKS
1070,223,0,T2PKS
1071,224,0,T2PKS
1072,225,0,T2PKS
1073,226,0,T2PKS
1074,227,0,T2PKS
1075,228,0,T2PKS
1076,229,0,oligosaccharide/T2PKS
1077,23,1,T1PKS
1078,230,0,T2PKS
1079,231,0,T2PKS
1080,232,0,T2PKS
1081,233,1,PKS-like/T1PKS/T2PKS
1082,234,0,T2PKS
1083,235,0,T2PKS
1084,236,0,T2PKS
1085,237,0,T2PKS
1086,238,0,butyrolactone/T2PKS
1087,239,0,oligosaccharide/T2PKS
1088,24,1,T1PKS
1089,240,0,T2PKS
1090,241,0,T2PKS
1091,242,0,T2PKS
1092,243,0,
1093,244,0,
1094,245,0,T2PKS
1095,246,0,T2PKS
1096,247,0,oligosaccharide/T2PKS
1097,248,0,T2PKS
1098,249,0,
1099,25,0,
1100,252,0,
1101,253,0,T2PKS
1102,254,0,T2PKS
1103,255,0,T3PKS/PKS-like
1104,256,0,T2PKS
1105,257,0,NRPS-like/T1PKS
1106,258,0,
1107,259,0,
1108,26,1,T1PKS/PKS-like/oligosaccharide
1109,260,0,
1110,261,0,T2PKS
1111,262,0,butyrolactone/oligosaccharide/T2PKS
1112,263,0,T2PKS
1113,264,0,T2PKS
1114,265,0,
1115,266,0,T2PKS
1116,267,0,oligosaccharide/T2PKS
1117,268,0,oligosaccharide/T2PKS
1118,269,0,PKS-like/T2PKS
1119,27,1,T1PKS
1120,270,0,aminocoumarin/T2PKS
1121,271,0,T2PKS
1122,272,0,T2PKS
1123,273,0,T2PKS
1124,274,0,phenazine/T2PKS
1125,275,0,T2PKS
1126,277,0,oligosaccharide
1127,278,0,
1128,279,0,T2PKS
1129,28,1,T1PKS
1130,280,0,T3PKS
1131,281,0,T3PKS
1132,282,0,T3PKS
1133,283,0,amglyccycl/nucleoside/ladderane/other
1134,284,0,T3PKS/hglE-KS
1135,285,0,T3PKS
1136,286,0,T3PKS
1137,287,1,NRPS
1138,288,1,blactam/NRPS/other
1139,289,1,T3PKS/NRPS
1140,29,1,T1PKS
1141,290,1,T3PKS/NRPS
1142,291,1,NRPS
1143,292,1,NRPS
1144,293,1,NRPS/indole
1145,294,0,NRPS
1146,295,0,siderophore
1147,296,1,NRPS/other
1148,297,1,NRPS
1149,298,1,NRPS
1150,299,1,NRPS/ladderane
1151,3,0,T1PKS
1152,30,1,T1PKS
1153,300,1,NRPS
1154,301,1,NRPS
1155,302,1,NRPS/betalactone
1156,303,1,NRPS
1157,304,1,NRPS
1158,305,1,NRPS
1159,306,1,NRPS
1160,307,1,NRPS
1161,308,1,NRPS
1162,309,1,NRPS
1163,31,1,T1PKS
1164,310,1,NRPS
1165,311,1,T3PKS/NRPS
1166,312,1,NRPS
1167,313,1,NRPS
1168,314,1,NRPS/ladderane
1169,315,1,NRPS
1170,316,1,NRPS
1171,317,1,NRPS
1172,319,1,NRPS
1173,32,1,T1PKS
1174,320,1,NRPS
1175,321,1,NRPS
1176,323,1,NRPS
1177,324,1,NRPS
1178,325,1,NRPS
1179,326,1,NRPS
1180,327,1,NRPS
1181,328,1,NRPS-like
1182,329,1,NRPS/hserlactone
1183,33,1,PKS-like/T1PKS/oligosaccharide
1184,330,1,NRPS
1185,331,1,NRPS
1186,332,1,NRPS
1187,333,1,NRPS/betalactone/indole
1188,334,1,NRPS
1189,335,1,NRPS/T1PKS
1190,336,1,NRPS
1191,337,1,NRPS
1192,339,1,NRPS
1193,34,1,NRPS-like/T1PKS
1194,340,1,NRPS-like
1195,341,1,NRPS
1196,342,1,NRPS
1197,343,0,NRPS
1198,344,1,NRPS
1199,345,1,NRPS/T1PKS
1200,346,1,NRPS/T1PKS
1201,347,1,NRPS
1202,348,1,NRPS
1203,349,1,NRPS
1204,35,1,T1PKS
1205,351,1,NRPS
1206,352,0,NRPS
1207,353,1,NRPS/T1PKS
1208,354,1,NRPS
1209,355,1,NRPS
1210,356,1,NRPS/indole
1211,357,1,NRPS
1212,359,1,NRPS
1213,36,1,PKS-like/T1PKS
1214,360,1,NRPS
1215,361,1,NRPS
1216,362,1,NRPS
1217,363,1,NRPS
1218,364,1,NRPS
1219,365,1,NRPS/T1PKS
1220,366,1,NRPS
1221,367,1,NRPS
1222,368,1,NRPS
1223,369,1,NRPS
1224,37,1,T1PKS
1225,371,1,NRPS
1226,372,1,NRPS/indole
1227,373,1,NRPS
1228,374,1,NRPS/other
1229,375,1,NRPS-like
1230,376,1,NRPS
1231,377,1,NRPS
1232,378,1,NRPS/other
1233,379,1,NRPS
1234,38,1,butyrolactone/T1PKS
1235,380,1,NRPS/T1PKS
1236,381,1,NRPS
1237,382,1,NRPS-like
1238,383,1,NRPS/T1PKS
1239,384,1,NRPS/indole
1240,385,0,transAT-PKS-like/NRPS/lanthipeptide
1241,386,0,
1242,388,1,NRPS
1243,389,1,NRPS
1244,39,1,T1PKS
1245,391,1,NRPS/indole
1246,392,1,NRPS
1247,393,1,NRPS/T1PKS
1248,394,1,NRPS/PKS-like
1249,395,1,NRPS
1250,396,1,NRPS
1251,397,1,NRPS
1252,398,1,NRPS
1253,399,1,NRPS
1254,4,1,T1PKS
1255,40,1,T1PKS
1256,400,1,NRPS
1257,401,1,NRPS
1258,402,1,NRPS/transAT-PKS
1259,403,1,NRPS
1260,404,1,NRPS
1261,405,1,NRPS
1262,406,1,NRPS/betalactone
1263,407,1,NRPS
1264,408,1,NRPS
1265,409,1,NRPS
1266,41,1,T1PKS
1267,410,0,NRPS
1268,411,1,NRPS
1269,412,1,NRPS
1270,413,1,NRPS
1271,414,1,NRPS
1272,415,1,NRPS
1273,416,1,NRPS
1274,417,1,NRPS
1275,418,1,T3PKS/NRPS
1276,419,1,T3PKS/NRPS
1277,42,1,T1PKS
1278,420,1,NRPS/indole
1279,421,1,NRPS
1280,422,1,NRPS/melanin
1281,423,1,NRPS
1282,424,1,NRPS
1283,425,1,NRPS
1284,426,1,NRPS
1285,427,1,NRPS-like
1286,428,1,NRPS
1287,429,1,NRPS/ladderane/arylpolyene
1288,43,1,T1PKS
1289,430,1,NRPS
1290,431,1,NRPS
1291,432,1,NRPS
1292,433,1,NRPS
1293,434,1,NRPS
1294,435,1,NRPS
1295,436,1,NRPS/T1PKS
1296,437,1,NRPS
1297,438,1,NRPS
1298,439,1,NRPS
1299,44,0,T1PKS
1300,440,1,T3PKS/NRPS
1301,441,1,T3PKS/NRPS
1302,442,1,NRPS-like/indole
1303,443,1,NRPS
1304,444,1,NRPS
1305,445,1,NRPS/other
1306,446,1,NRPS
1307,447,1,NRPS
1308,448,1,NRPS
1309,449,1,NRPS
1310,45,1,T1PKS
1311,450,1,NRPS
1312,451,0,
1313,452,1,NRPS
1314,453,1,NRPS
1315,454,1,NRPS
1316,455,1,T3PKS/NRPS
1317,457,1,NRPS
1318,458,1,NRPS
1319,459,1,butyrolactone/NRPS
1320,46,0,T1PKS
1321,460,0,NRPS
1322,461,1,NRPS
1323,463,1,NRPS
1324,464,1,NRPS
1325,465,1,NRPS
1326,466,0,
1327,467,1,NRPS/T1PKS
1328,468,0,bacteriocin/bottromycin
1329,469,0,bacteriocin/bottromycin
1330,47,1,T1PKS
1331,470,0,bacteriocin/bottromycin
1332,471,0,LAP/bacteriocin/cyanobactin
1333,472,0,cyanobactin
1334,473,0,LAP/bacteriocin/cyanobactin
1335,474,0,LAP/bacteriocin/cyanobactin
1336,475,0,LAP/bacteriocin/cyanobactin
1337,476,0,bacteriocin
1338,477,0,bacteriocin/cyanobactin
1339,478,0,bacteriocin
1340,479,0,cyanobactin
1341,48,1,T1PKS
1342,480,0,LAP/bacteriocin/cyanobactin
1343,481,0,LAP/cyanobactin
1344,482,0,bacteriocin
1345,483,0,LAP/cyanobactin
1346,484,0,glycocin
1347,485,0,bacteriocin
1348,486,0,bacteriocin
1349,487,0,bacteriocin
1350,488,0,bacteriocin
1351,489,0,bacteriocin
1352,490,0,bacteriocin
1353,491,0,bacteriocin
1354,492,0,
1355,493,0,bacteriocin
1356,494,0,bacteriocin
1357,495,0,lanthipeptide
1358,496,0,lanthipeptide
1359,497,0,lanthipeptide
1360,498,0,lanthipeptide
1361,499,0,lanthipeptide
1362,5,0,
1363,50,1,T1PKS
1364,500,0,lanthipeptide
1365,501,0,lanthipeptide
1366,502,0,lanthipeptide
1367,503,0,lanthipeptide
1368,505,0,
1369,506,0,lanthipeptide
1370,507,0,lanthipeptide
1371,508,0,lanthipeptide
1372,509,0,lanthipeptide
1373,510,0,
1374,511,0,lanthipeptide
1375,513,0,
1376,514,0,lanthipeptide
1377,515,0,lanthipeptide
1378,516,0,lanthipeptide
1379,517,0,lanthipeptide
1380,518,0,bacteriocin/lanthipeptide
1381,519,0,lanthipeptide
1382,52,1,T1PKS
1383,520,0,
1384,521,0,lanthipeptide
1385,522,0,bacteriocin
1386,523,0,lanthipeptide
1387,525,0,lanthipeptide
1388,526,0,lanthipeptide
1389,527,0,lanthipeptide
1390,528,0,lanthipeptide
1391,529,0,lanthipeptide
1392,530,0,lanthipeptide
1393,531,0,lanthipeptide
1394,532,0,lanthipeptide
1395,533,0,lanthipeptide
1396,534,0,lanthipeptide
1397,535,0,lanthipeptide
1398,536,0,lanthipeptide
1399,537,0,lanthipeptide
1400,538,0,lanthipeptide
1401,539,0,lanthipeptide
1402,54,1,T1PKS
1403,540,0,lanthipeptide
1404,541,0,lanthipeptide
1405,542,0,lanthipeptide
1406,543,0,lanthipeptide
1407,544,0,lanthipeptide
1408,545,0,lanthipeptide
1409,546,0,lanthipeptide
1410,547,0,lanthipeptide
1411,548,0,
1412,549,0,lanthipeptide
1413,55,1,T1PKS
1414,550,0,
1415,551,0,lanthipeptide
1416,552,0,lanthipeptide
1417,553,0,
1418,554,0,lanthipeptide
1419,555,0,lanthipeptide
1420,556,0,lanthipeptide
1421,557,0,lanthipeptide
1422,558,0,glycocin
1423,559,0,lanthipeptide
1424,56,0,T1PKS
1425,560,0,lanthipeptide
1426,561,0,lanthipeptide
1427,562,0,
1428,563,0,lanthipeptide
1429,564,0,LAP/bacteriocin
1430,565,0,LAP/thiopeptide
1431,566,0,LAP/bacteriocin
1432,567,0,LAP
1433,568,0,LAP
1434,569,0,LAP
1435,57,1,T1PKS
1436,570,0,lassopeptide
1437,571,0,lassopeptide
1438,572,0,lassopeptide
1439,573,0,lassopeptide
1440,574,0,lassopeptide
1441,575,0,lassopeptide
1442,576,0,lassopeptide
1443,577,0,lassopeptide
1444,578,0,lassopeptide
1445,579,0,lassopeptide
1446,58,1,T1PKS
1447,580,0,lassopeptide
1448,581,0,lassopeptide
1449,582,0,linaridin
1450,583,0,linaridin
1451,584,0,
1452,585,0,
1453,586,0,
1454,587,0,
1455,588,0,
1456,589,0,
1457,59,1,T1PKS
1458,590,0,
1459,591,0,microviridin
1460,592,0,microviridin
1461,593,0,microviridin
1462,594,0,microviridin
1463,595,0,
1464,596,0,
1465,597,0,
1466,598,0,bacteriocin/proteusin
1467,599,0,sactipeptide
1468,6,1,T1PKS
1469,60,1,T1PKS
1470,600,0,sactipeptide
1471,601,0,sactipeptide/head_to_tail
1472,602,0,sactipeptide/head_to_tail
1473,603,0,LAP/thiopeptide
1474,604,0,LAP/thiopeptide
1475,605,0,LAP/thiopeptide
1476,606,0,LAP/thiopeptide
1477,607,0,thiopeptide
1478,608,0,thiopeptide
1479,609,0,LAP/thiopeptide
1480,61,1,NRPS-like/T1PKS
1481,610,0,LAP/thiopeptide
1482,611,0,LAP/thiopeptide/terpene
1483,612,0,LAP/thiopeptide
1484,613,0,LAP/thiopeptide
1485,614,0,LAP/thiopeptide
1486,615,0,thiopeptide
1487,616,0,bacteriocin
1488,617,0,bacteriocin
1489,618,0,bacteriocin
1490,619,0,bacteriocin
1491,62,1,NRPS/T1PKS
1492,620,0,bacteriocin
1493,621,0,
1494,622,0,
1495,623,0,
1496,624,0,bacteriocin
1497,625,0,TfuA-related
1498,626,0,lanthipeptide
1499,627,0,fungal-RiPP
1500,628,0,thiopeptide
1501,63,1,NRPS/T1PKS
1502,630,0,terpene
1503,631,0,terpene
1504,632,0,terpene
1505,633,0,terpene
1506,634,0,terpene
1507,635,0,terpene
1508,636,0,terpene
1509,637,0,terpene
1510,638,0,terpene
1511,639,0,terpene
1512,64,1,NRPS/T1PKS
1513,640,0,terpene
1514,641,0,terpene
1515,642,0,terpene
1516,643,0,terpene
1517,644,0,terpene
1518,645,0,terpene
1519,646,0,terpene
1520,647,0,terpene
1521,648,0,terpene
1522,649,0,terpene
1523,65,0,PKS-like
1524,650,0,terpene
1525,651,0,terpene/other
1526,652,0,T3PKS/terpene/other
1527,653,0,terpene
1528,654,0,terpene/PKS-like
1529,655,0,LAP/thiopeptide/terpene
1530,656,0,terpene
1531,657,0,terpene
1532,658,0,terpene
1533,659,0,terpene
1534,66,1,NRPS-like/T1PKS
1535,660,0,terpene
1536,661,0,terpene
1537,662,0,melanin
1538,663,0,terpene
1539,664,0,terpene
1540,665,0,
1541,666,0,
1542,667,0,terpene
1543,668,0,other
1544,67,1,NRPS-like/T1PKS
1545,673,0,
1546,674,0,terpene
1547,675,0,terpene
1548,676,0,terpene
1549,677,0,
1550,678,0,terpene
1551,679,0,T3PKS/other
1552,68,1,T1PKS
1553,682,1,T1PKS
1554,683,0,terpene
1555,684,1,T1PKS
1556,685,0,terpene
1557,686,0,
1558,687,0,
1559,688,0,terpene
1560,689,0,amglyccycl
1561,69,1,T1PKS
1562,690,0,amglyccycl
1563,691,0,amglyccycl
1564,692,0,amglyccycl
1565,693,0,amglyccycl
1566,694,0,amglyccycl
1567,695,0,indole
1568,696,0,amglyccycl
1569,698,0,
1570,699,0,amglyccycl
1571,7,1,T1PKS
1572,70,1,T1PKS
1573,700,0,melanin/amglyccycl
1574,701,0,amglyccycl
1575,702,0,amglyccycl
1576,703,0,
1577,704,0,amglyccycl
1578,705,0,amglyccycl
1579,706,0,
1580,708,0,amglyccycl
1581,709,0,amglyccycl
1582,711,0,amglyccycl
1583,712,1,NRPS-like/amglyccycl
1584,713,0,amglyccycl
1585,714,0,amglyccycl
1586,715,0,amglyccycl
1587,716,0,amglyccycl
1588,719,0,amglyccycl
1589,72,1,T1PKS
1590,720,0,amglyccycl
1591,721,0,amglyccycl
1592,722,0,amglyccycl
1593,723,0,amglyccycl
1594,724,0,amglyccycl
1595,725,0,
1596,727,1,NRPS-like
1597,728,0,
1598,729,0,
1599,73,1,T1PKS
1600,730,0,
1601,731,0,
1602,732,0,
1603,733,0,
1604,734,0,
1605,735,0,
1606,736,0,
1607,737,0,
1608,738,0,
1609,739,0,
1610,74,1,NRPS-like/T1PKS
1611,740,0,
1612,741,0,
1613,742,0,
1614,743,0,
1615,744,0,
1616,745,0,
1617,746,0,
1618,747,0,
1619,748,0,
1620,749,0,
1621,75,1,NRPS-like/T1PKS
1622,751,0,
1623,752,0,
1624,753,0,
1625,754,0,
1626,755,0,
1627,756,0,
1628,757,0,
1629,758,0,
1630,759,0,
1631,76,1,T1PKS
1632,760,0,
1633,761,0,
1634,762,0,
1635,763,0,
1636,764,0,
1637,765,0,
1638,766,0,
1639,767,0,
1640,768,0,
1641,769,0,
1642,77,1,T1PKS
1643,770,0,
1644,772,0,
1645,773,0,
1646,774,0,
1647,775,0,
1648,776,0,
1649,777,0,
1650,778,0,
1651,779,0,
1652,78,1,T1PKS/oligosaccharide
1653,780,0,
1654,781,0,
1655,782,0,
1656,783,0,
1657,784,0,
1658,785,0,
1659,786,0,
1660,787,0,
1661,788,0,
1662,789,0,
1663,79,1,T1PKS
1664,790,0,
1665,791,0,
1666,792,0,
1667,793,0,
1668,794,0,
1669,795,0,
1670,796,0,lanthipeptide
1671,797,0,
1672,799,0,
1673,8,1,T1PKS
1674,80,1,T1PKS
1675,800,0,
1676,801,0,
1677,802,0,
1678,803,0,
1679,804,0,
1680,805,0,
1681,806,0,other
1682,807,0,other
1683,809,0,LAP/thiopeptide/indole
1684,81,1,NRPS/arylpolyene/T1PKS/other
1685,811,0,indole
1686,812,0,
1687,813,0,indole
1688,814,0,indole
1689,815,0,
1690,816,1,NRPS/indole
1691,817,0,indole
1692,818,1,NRPS/indole
1693,819,0,NRPS/indole
1694,82,1,other/T1PKS/oligosaccharide
1695,820,0,
1696,821,0,indole
1697,822,0,indole
1698,823,0,indole
1699,825,0,indole
1700,826,0,indole
1701,827,0,indole
1702,829,0,indole
1703,83,1,transAT-PKS
1704,830,0,indole
1705,831,0,indole
1706,832,0,PKS-like/aminocoumarin/other
1707,833,0,PKS-like/aminocoumarin/other
1708,834,0,aminocoumarin/other
1709,835,0,aminocoumarin
1710,836,0,arylpolyene
1711,837,0,arylpolyene
1712,838,0,resorcinol/arylpolyene
1713,839,0,arylpolyene
1714,84,1,T1PKS
1715,840,0,
1716,841,0,blactam
1717,842,0,blactam
1718,843,0,blactam
1719,844,0,
1720,845,0,blactam
1721,846,0,blactam
1722,847,0,blactam
1723,848,0,butyrolactone
1724,849,0,butyrolactone
1725,85,1,T1PKS
1726,850,0,butyrolactone
1727,851,0,CDPS
1728,852,0,ectoine
1729,853,0,ectoine
1730,854,0,ectoine
1731,855,0,ectoine
1732,856,0,ectoine
1733,857,0,ectoine
1734,858,0,ectoine
1735,859,0,ectoine
1736,86,1,T1PKS
1737,860,0,ectoine
1738,861,0,PUFA/hglE-KS
1739,862,0,PUFA/hglE-KS
1740,863,0,PUFA/hglE-KS
1741,864,1,PUFA/hglE-KS/T1PKS
1742,865,0,PUFA/hglE-KS
1743,866,0,
1744,867,0,
1745,868,0,
1746,869,1,hglE-KS/T1PKS
1747,87,1,T1PKS
1748,870,0,
1749,871,1,NRPS-like
1750,872,0,T3PKS/nucleoside
1751,873,0,nucleoside/arylpolyene
1752,874,0,lanthipeptide
1753,876,1,NRPS-like
1754,877,0,nucleoside
1755,878,0,nucleoside
1756,879,0,nucleoside
1757,88,1,T1PKS
1758,880,0,nucleoside
1759,881,0,nucleoside
1760,882,0,
1761,883,0,
1762,884,0,
1763,885,0,melanin
1764,886,0,
1765,887,0,
1766,888,0,other
1767,889,0,melanin
1768,890,0,PBDE
1769,891,0,PBDE
1770,892,0,
1771,893,1,NRPS-like
1772,894,0,
1773,895,0,
1774,896,0,
1775,897,0,phosphonate
1776,898,0,
1777,899,0,
1778,9,1,T1PKS
1779,90,1,NRPS-like/T1PKS
1780,900,1,NRPS
1781,901,1,NRPS
1782,902,0,T3PKS
1783,903,0,
1784,904,0,phosphonate/other
1785,905,0,
1786,906,0,
1787,907,0,other
1788,908,0,melanin
1789,909,0,melanin
1790,91,1,NRPS-like/T1PKS
1791,910,0,melanin
1792,911,0,melanin
1793,912,0,melanin
1794,913,0,
1795,914,0,butyrolactone/furan
1796,915,0,other
1797,916,0,
1798,917,0,
1799,918,0,
1800,919,0,
1801,92,1,T1PKS
1802,920,0,
1803,921,1,NRPS-like
1804,922,0,
1805,923,0,
1806,924,0,other
1807,925,0,
1808,926,0,phosphonate
1809,928,0,
1810,929,0,
1811,93,1,T1PKS
1812,930,0,terpene
1813,932,0,tropodithietic-acid
1814,933,0,
1815,934,0,T3PKS/phenazine/other
1816,935,0,PKS-like/phenazine/T1PKS
1817,936,0,phenazine
1818,937,0,phosphonate
1819,938,0,other
1820,939,0,siderophore
1821,94,1,T1PKS
1822,940,0,siderophore
1823,941,0,siderophore
1824,942,0,siderophore
1825,943,0,siderophore
1826,944,0,siderophore
1827,946,0,siderophore
1828,947,0,siderophore
1829,948,0,
1830,949,1,blactam/NRPS
1831,950,1,NRPS
1832,951,1,NRPS
1833,953,1,NRPS-like
1834,954,1,NRPS/T1PKS
1835,955,1,NRPS/T1PKS
1836,956,1,NRPS/arylpolyene
1837,957,1,NRPS-like/T1PKS
1838,958,1,NRPS/T1PKS
1839,959,1,NRPS/T1PKS
1840,96,1,T1PKS
1841,960,1,NRPS/T1PKS
1842,961,1,NRPS/T1PKS/hserlactone
1843,962,1,NRPS/T1PKS
1844,963,1,NRPS/T1PKS
1845,964,1,NRPS
1846,965,0,NRPS/T1PKS/other
1847,966,1,NRPS/T1PKS
1848,967,1,transAT-PKS-like/NRPS/PKS-like/transAT-PKS
1849,968,1,NRPS/T1PKS
1850,969,1,NRPS/T1PKS
1851,97,1,T1PKS
1852,970,1,NRPS-like/NRPS/T1PKS
1853,971,1,transAT-PKS-like/NRPS/T1PKS
1854,972,1,NRPS/T1PKS
1855,973,1,NRPS/T1PKS
1856,974,1,NRPS/T1PKS
1857,975,1,NRPS/T1PKS
1858,976,1,T3PKS/NRPS/PKS-like/T1PKS
1859,977,1,NRPS/T1PKS/indole
1860,978,1,NRPS-like/T1PKS
1861,979,1,NRPS-like/T1PKS
1862,98,1,T1PKS
1863,980,1,NRPS-like/T1PKS
1864,981,1,NRPS-like/T1PKS
1865,982,1,NRPS/T1PKS
1866,983,1,NRPS/T1PKS
1867,984,1,NRPS/T1PKS
1868,985,1,NRPS
1869,986,1,bacteriocin/NRPS/T1PKS
1870,988,1,NRPS/T1PKS
1871,989,1,NRPS/T1PKS
1872,99,1,T1PKS
1873,990,1,NRPS/T1PKS
1874,991,1,NRPS/T1PKS
1875,992,1,NRPS/T1PKS/indole
1876,993,1,NRPS
1877,994,1,NRPS/T1PKS
1878,995,1,NRPS/PKS-like/transAT-PKS
1879,996,1,NRPS/T1PKS
1880,997,1,NRPS/T1PKS
1881,998,1,NRPS/T1PKS
1882,999,1,NRPS/T1PKS
